{
  "data": [
    {
      "id": "78",
      "name": "Angel Squad (DG)",
      "slug": "angel-squad-dg",
      "provider": "duniagames",
      "isZone": false,
      "itemId": 717,
      "product_ref_denom": "REG",
      "product_ref": "REG",
      "catalogId": 1802,
      "paymentChannel": 4512
    },
    {
      "id": "4",
      "name": "AoV (DG)",
      "slug": "aov-dg",
      "provider": "duniagames",
      "isZone": false,
      "itemId": 18,
      "product_ref_denom": "REG",
      "product_ref": "REG",
      "catalogId": 73,
      "paymentChannel": 7974
    },
    {
      "id": "62",
      "name": "Atlantica Online (DG)",
      "slug": "atlantica-online-dg",
      "provider": "duniagames",
      "isZone": false,
      "itemId": 432,
      "product_ref_denom": "REG",
      "product_ref": "REG",
      "catalogId": 455,
      "paymentChannel": 1624
    },
    {
      "id": "7",
      "name": "Battlenet (DG)",
      "slug": "battlenet-dg",
      "provider": "duniagames",
      "isZone": false,
      "itemId": 37,
      "product_ref_denom": "REG",
      "product_ref": "REG",
      "catalogId": 92,
      "paymentChannel": 776
    },
    {
      "id": "147",
      "name": "Bilibili (DG)",
      "slug": "Bilibili-dg",
      "provider": "duniagames",
      "isZone": false,
      "product_ref": "REG",
      "catalogId": null
    },
    {
      "id": "94",
      "name": "Bleach Mobile 3D (DG)",
      "slug": "bleach-mobile-3d-dg",
      "provider": "duniagames",
      "isZone": true,
      "dropdown": [
        {
          "id": "4231002",
          "name": "BLEACH S2"
        },
        {
          "id": "4231003",
          "name": "BLEACH S3"
        },
        {
          "id": "4231004",
          "name": "BLEACH S4"
        },
        {
          "id": "4231005",
          "name": "BLEACH S5"
        },
        {
          "id": "4231006",
          "name": "BLEACH S6"
        },
        {
          "id": "4231007",
          "name": "BLEACH S7"
        },
        {
          "id": "4231008",
          "name": "BLEACH S8"
        },
        {
          "id": "4231009",
          "name": "BLEACH S9"
        },
        {
          "id": "4231010",
          "name": "BLEACH S10"
        },
        {
          "id": "4231011",
          "name": "BLEACH S11"
        },
        {
          "id": "4231012",
          "name": "BLEACH S12"
        },
        {
          "id": "4231013",
          "name": "BLEACH S13"
        },
        {
          "id": "4231014",
          "name": "BLEACH S14"
        },
        {
          "id": "4231015",
          "name": "BLEACH S15"
        },
        {
          "id": "4231016",
          "name": "BLEACH S16"
        },
        {
          "id": "4231017",
          "name": "BLEACH S17"
        },
        {
          "id": "4231018",
          "name": "BLEACH S18"
        },
        {
          "id": "4231019",
          "name": "BLEACH S19"
        },
        {
          "id": "4231020",
          "name": "BLEACH S20"
        },
        {
          "id": "4231021",
          "name": "BLEACH S21"
        },
        {
          "id": "4231022",
          "name": "BLEACH S22"
        },
        {
          "id": "4231023",
          "name": "BLEACH S23"
        },
        {
          "id": "4231024",
          "name": "BLEACH S24"
        },
        {
          "id": "4231025",
          "name": "BLEACH S25"
        },
        {
          "id": "4231026",
          "name": "BLEACH S26"
        },
        {
          "id": "4231027",
          "name": "BLEACH S27"
        },
        {
          "id": "4231028",
          "name": "BLEACH S28"
        },
        {
          "id": "4231029",
          "name": "BLEACH S29"
        },
        {
          "id": "4231030",
          "name": "BLEACH S30"
        },
        {
          "id": "4231031",
          "name": "BLEACH S31"
        },
        {
          "id": "4231032",
          "name": "BLEACH S32"
        },
        {
          "id": "4231033",
          "name": "BLEACH S33"
        },
        {
          "id": "4231034",
          "name": "BLEACH S34"
        },
        {
          "id": "4231035",
          "name": "BLEACH S35"
        },
        {
          "id": "4231036",
          "name": "BLEACH S36"
        },
        {
          "id": "4231037",
          "name": "BLEACH S37"
        },
        {
          "id": "4231038",
          "name": "BLEACH S38"
        },
        {
          "id": "4231039",
          "name": "BLEACH S39"
        },
        {
          "id": "4231040",
          "name": "BLEACH S40"
        },
        {
          "id": "4231041",
          "name": "BLEACH S41"
        },
        {
          "id": "4231042",
          "name": "BLEACH S42"
        },
        {
          "id": "4231043",
          "name": "BLEACH S43"
        },
        {
          "id": "4231044",
          "name": "BLEACH S44"
        },
        {
          "id": "4231045",
          "name": "BLEACH S45"
        },
        {
          "id": "4231046",
          "name": "BLEACH S46"
        },
        {
          "id": "4231047",
          "name": "BLEACH S47"
        },
        {
          "id": "4231048",
          "name": "BLEACH S48"
        },
        {
          "id": "4231049",
          "name": "BLEACH S49"
        },
        {
          "id": "4231050",
          "name": "BLEACH S50"
        },
        {
          "id": "4231051",
          "name": "BLEACH S51"
        },
        {
          "id": "4231052",
          "name": "BLEACH S52"
        },
        {
          "id": "4231053",
          "name": "BLEACH S53"
        },
        {
          "id": "4231054",
          "name": "BLEACH S54"
        },
        {
          "id": "4231055",
          "name": "BLEACH S55"
        },
        {
          "id": "4231056",
          "name": "BLEACH S56"
        },
        {
          "id": "4231057",
          "name": "BLEACH S57"
        },
        {
          "id": "4231058",
          "name": "BLEACH S58"
        },
        {
          "id": "4231059",
          "name": "BLEACH S59"
        },
        {
          "id": "4231060",
          "name": "BLEACH S60"
        },
        {
          "id": "4231061",
          "name": "BLEACH S61"
        },
        {
          "id": "4231062",
          "name": "BLEACH S62"
        },
        {
          "id": "4231063",
          "name": "BLEACH S63"
        },
        {
          "id": "4231064",
          "name": "BLEACH S64"
        },
        {
          "id": "4231065",
          "name": "BLEACH S65"
        },
        {
          "id": "4231066",
          "name": "BLEACH S66"
        },
        {
          "id": "4231067",
          "name": "BLEACH S67"
        },
        {
          "id": "4231068",
          "name": "BLEACH S68"
        },
        {
          "id": "4231069",
          "name": "BLEACH S69"
        },
        {
          "id": "4231070",
          "name": "BLEACH S70"
        },
        {
          "id": "4231071",
          "name": "BLEACH S71"
        },
        {
          "id": "4231072",
          "name": "BLEACH S72"
        },
        {
          "id": "4231073",
          "name": "BLEACH S73"
        },
        {
          "id": "4231074",
          "name": "BLEACH S74"
        },
        {
          "id": "4231075",
          "name": "BLEACH S75"
        },
        {
          "id": "4231076",
          "name": "BLEACH S76"
        },
        {
          "id": "4231077",
          "name": "BLEACH S77"
        },
        {
          "id": "4231078",
          "name": "BLEACH S78"
        },
        {
          "id": "4231079",
          "name": "BLEACH S79"
        },
        {
          "id": "4231080",
          "name": "BLEACH S80"
        },
        {
          "id": "4231081",
          "name": "BLEACH S81"
        },
        {
          "id": "4231082",
          "name": "BLEACH S82"
        },
        {
          "id": "4231083",
          "name": "BLEACH S83"
        },
        {
          "id": "4231084",
          "name": "BLEACH S84"
        },
        {
          "id": "4231085",
          "name": "BLEACH S85"
        },
        {
          "id": "4231086",
          "name": "BLEACH S86"
        },
        {
          "id": "4231087",
          "name": "BLEACH S87"
        },
        {
          "id": "4231088",
          "name": "BLEACH S88"
        },
        {
          "id": "4231089",
          "name": "BLEACH S89"
        },
        {
          "id": "4231090",
          "name": "BLEACH S90"
        },
        {
          "id": "4231091",
          "name": "BLEACH S91"
        },
        {
          "id": "4231092",
          "name": "BLEACH S92"
        },
        {
          "id": "4231093",
          "name": "BLEACH S93"
        },
        {
          "id": "4231094",
          "name": "BLEACH S94"
        },
        {
          "id": "4231095",
          "name": "BLEACH S95"
        },
        {
          "id": "4231096",
          "name": "BLEACH S96"
        },
        {
          "id": "4231097",
          "name": "BLEACH S97"
        },
        {
          "id": "4231098",
          "name": "BLEACH S98"
        },
        {
          "id": "4231099",
          "name": "BLEACH S99"
        },
        {
          "id": "4231100",
          "name": "BLEACH S100"
        },
        {
          "id": "4231101",
          "name": "BLEACH S101"
        },
        {
          "id": "4231102",
          "name": "BLEACH S102"
        },
        {
          "id": "4231103",
          "name": "BLEACH S103"
        },
        {
          "id": "4231104",
          "name": "BLEACH S104"
        },
        {
          "id": "4231105",
          "name": "BLEACH S105"
        },
        {
          "id": "4231106",
          "name": "BLEACH S106"
        },
        {
          "id": "4231107",
          "name": "BLEACH S107"
        },
        {
          "id": "4231108",
          "name": "BLEACH S108"
        },
        {
          "id": "4231109",
          "name": "BLEACH S109"
        },
        {
          "id": "4231110",
          "name": "BLEACH S110"
        },
        {
          "id": "4231111",
          "name": "BLEACH S111"
        },
        {
          "id": "4231112",
          "name": "BLEACH S112"
        },
        {
          "id": "4231113",
          "name": "BLEACH S113"
        },
        {
          "id": "4231114",
          "name": "BLEACH S114"
        },
        {
          "id": "4231115",
          "name": "BLEACH S115"
        },
        {
          "id": "4231116",
          "name": "BLEACH S116"
        },
        {
          "id": "4231117",
          "name": "BLEACH S117"
        },
        {
          "id": "4231118",
          "name": "BLEACH S118"
        },
        {
          "id": "4231201",
          "name": "BLEACH TH 1"
        },
        {
          "id": "4231202",
          "name": "BLEACH TH 2"
        },
        {
          "id": "4231203",
          "name": "BLEACH TH 3"
        },
        {
          "id": "4231204",
          "name": "BLEACH TH 4"
        },
        {
          "id": "4231205",
          "name": "BLEACH TH 5"
        },
        {
          "id": "4231206",
          "name": "BLEACH TH 6"
        },
        {
          "id": "4231207",
          "name": "BLEACH TH 7"
        },
        {
          "id": "4231208",
          "name": "BLEACH TH 8"
        },
        {
          "id": "4231209",
          "name": "BLEACH TH 9"
        },
        {
          "id": "4231210",
          "name": "BLEACH TH 10"
        },
        {
          "id": "4231211",
          "name": "BLEACH TH 11"
        },
        {
          "id": "4231212",
          "name": "BLEACH TH 12"
        },
        {
          "id": "4231213",
          "name": "BLEACH TH 13"
        },
        {
          "id": "4231214",
          "name": "BLEACH TH 14"
        },
        {
          "id": "4231215",
          "name": "BLEACH TH 15"
        },
        {
          "id": "4231216",
          "name": "BLEACH TH 16"
        },
        {
          "id": "4231217",
          "name": "BLEACH TH 17"
        },
        {
          "id": "4231218",
          "name": "BLEACH TH 18"
        },
        {
          "id": "4231219",
          "name": "BLEACH TH 19"
        },
        {
          "id": "4231220",
          "name": "BLEACH TH 20"
        },
        {
          "id": "4231221",
          "name": "BLEACH TH 21"
        },
        {
          "id": "4231222",
          "name": "BLEACH TH 22"
        },
        {
          "id": "4231223",
          "name": "BLEACH TH 23"
        },
        {
          "id": "4231224",
          "name": "BLEACH TH 24"
        },
        {
          "id": "4231225",
          "name": "BLEACH TH 25"
        },
        {
          "id": "4231226",
          "name": "BLEACH TH 26"
        },
        {
          "id": "4231227",
          "name": "BLEACH TH 27"
        },
        {
          "id": "4231228",
          "name": "BLEACH TH 28"
        },
        {
          "id": "4231229",
          "name": "BLEACH TH 29"
        },
        {
          "id": "4231230",
          "name": "BLEACH TH 30"
        },
        {
          "id": "4231231",
          "name": "BLEACH TH 31"
        },
        {
          "id": "4231232",
          "name": "BLEACH TH 32"
        },
        {
          "id": "4231233",
          "name": "BLEACH TH 33"
        },
        {
          "id": "4231234",
          "name": "BLEACH TH 34"
        },
        {
          "id": "4231235",
          "name": "BLEACH TH 35"
        },
        {
          "id": "4231236",
          "name": "BLEACH TH 36"
        },
        {
          "id": "4231237",
          "name": "BLEACH TH 37"
        },
        {
          "id": "4231238",
          "name": "BLEACH TH 38"
        },
        {
          "id": "4231239",
          "name": "BLEACH TH 39"
        },
        {
          "id": "4231240",
          "name": "BLEACH TH 40"
        },
        {
          "id": "4231241",
          "name": "BLEACH TH 41"
        },
        {
          "id": "4231242",
          "name": "BLEACH TH 42"
        },
        {
          "id": "4231243",
          "name": "BLEACH TH 43"
        },
        {
          "id": "4231244",
          "name": "BLEACH TH 44"
        },
        {
          "id": "4231245",
          "name": "BLEACH TH 45"
        },
        {
          "id": "4231246",
          "name": "BLEACH TH 46"
        },
        {
          "id": "4231247",
          "name": "BLEACH TH 47"
        },
        {
          "id": "4231248",
          "name": "BLEACH TH 48"
        },
        {
          "id": "4231249",
          "name": "BLEACH TH 49"
        },
        {
          "id": "4231250",
          "name": "BLEACH TH 50"
        },
        {
          "id": "4231251",
          "name": "BLEACH TH 51"
        },
        {
          "id": "4231252",
          "name": "BLEACH TH 52"
        },
        {
          "id": "4231253",
          "name": "BLEACH TH 53"
        },
        {
          "id": "4231254",
          "name": "BLEACH TH 54"
        },
        {
          "id": "4231255",
          "name": "BLEACH TH 55"
        },
        {
          "id": "4231256",
          "name": "BLEACH TH 56"
        },
        {
          "id": "4231257",
          "name": "BLEACH TH 57"
        },
        {
          "id": "4231258",
          "name": "BLEACH TH 58"
        },
        {
          "id": "4231259",
          "name": "BLEACH TH 59"
        },
        {
          "id": "4231260",
          "name": "BLEACH TH 60"
        },
        {
          "id": "4231261",
          "name": "BLEACH TH 61"
        },
        {
          "id": "4231262",
          "name": "BLEACH TH 62"
        },
        {
          "id": "4231263",
          "name": "BLEACH TH 63"
        },
        {
          "id": "4231301",
          "name": "BLEACH PH 1"
        },
        {
          "id": "4231302",
          "name": "BLEACH PH 2"
        },
        {
          "id": "4231303",
          "name": "BLEACH PH 3"
        },
        {
          "id": "4231304",
          "name": "BLEACH PH 4"
        },
        {
          "id": "4231305",
          "name": "BLEACH PH 5"
        },
        {
          "id": "4231306",
          "name": "BLEACH PH 6"
        },
        {
          "id": "4231307",
          "name": "BLEACH PH 7"
        },
        {
          "id": "4231308",
          "name": "BLEACH PH 8"
        },
        {
          "id": "4231309",
          "name": "BLEACH PH 9"
        },
        {
          "id": "4231310",
          "name": "BLEACH PH 10"
        },
        {
          "id": "4231381",
          "name": "BLEACH PH1~3"
        },
        {
          "id": "4231382",
          "name": "BLEACH PH4~10"
        },
        {
          "id": "4231401",
          "name": "BLEACH ID 1"
        },
        {
          "id": "4231402",
          "name": "BLEACH ID 2"
        },
        {
          "id": "4231403",
          "name": "BLEACH ID 3"
        },
        {
          "id": "4231404",
          "name": "BLEACH ID 4"
        },
        {
          "id": "4231405",
          "name": "BLEACH ID 5"
        },
        {
          "id": "4231406",
          "name": "BLEACH ID 6"
        },
        {
          "id": "4231407",
          "name": "BLEACH ID 7"
        },
        {
          "id": "4231408",
          "name": "BLEACH ID 8"
        },
        {
          "id": "4231409",
          "name": "BLEACH ID 9"
        },
        {
          "id": "4231410",
          "name": "BLEACH ID 10"
        },
        {
          "id": "4231411",
          "name": "BLEACH ID 11"
        },
        {
          "id": "4231412",
          "name": "BLEACH ID 12"
        },
        {
          "id": "4231413",
          "name": "BLEACH ID 13"
        },
        {
          "id": "4231414",
          "name": "BLEACH ID 14"
        },
        {
          "id": "4231415",
          "name": "BLEACH ID 15"
        },
        {
          "id": "4231416",
          "name": "BLEACH ID 16"
        },
        {
          "id": "4231417",
          "name": "BLEACH ID 17"
        },
        {
          "id": "4231418",
          "name": "BLEACH ID 18"
        },
        {
          "id": "4231419",
          "name": "BLEACH ID 19"
        },
        {
          "id": "4231481",
          "name": "BLEACH ID 1~4"
        },
        {
          "id": "4231482",
          "name": "BLEACH ID 5~8"
        },
        {
          "id": "4231483",
          "name": "BLEACH ID 9~13"
        },
        {
          "id": "4231484",
          "name": "BLEACH ID 14~16"
        },
        {
          "id": "4231485",
          "name": "BLEACH ID 17~19"
        },
        {
          "id": "4231501",
          "name": "BLEACH M1"
        },
        {
          "id": "4231502",
          "name": "BLEACH M2"
        },
        {
          "id": "4231503",
          "name": "BLEACH M3"
        },
        {
          "id": "4231504",
          "name": "BLEACH M4"
        },
        {
          "id": "4231505",
          "name": "BLEACH M5"
        },
        {
          "id": "4231506",
          "name": "BLEACH M6"
        },
        {
          "id": "4231507",
          "name": "BLEACH M7"
        },
        {
          "id": "4231508",
          "name": "BLEACH M8"
        },
        {
          "id": "4231509",
          "name": "BLEACH M9"
        },
        {
          "id": "4231510",
          "name": "BLEACH M10"
        },
        {
          "id": "4231511",
          "name": "BLEACH M11"
        },
        {
          "id": "4231512",
          "name": "BLEACH M12"
        },
        {
          "id": "4231581",
          "name": "BLEACH M1~4"
        },
        {
          "id": "4231582",
          "name": "BLEACH M5~8"
        },
        {
          "id": "4231583",
          "name": "BLEACH M9~12"
        },
        {
          "id": "4231601",
          "name": "BLEACH VN 1"
        },
        {
          "id": "4231602",
          "name": "BLEACH VN 2"
        },
        {
          "id": "4231603",
          "name": "BLEACH VN 3"
        },
        {
          "id": "4231604",
          "name": "BLEACH VN 4"
        },
        {
          "id": "4231605",
          "name": "BLEACH VN 5"
        },
        {
          "id": "4231606",
          "name": "BLEACH VN 6"
        },
        {
          "id": "4231681",
          "name": "BLEACH VN1~6"
        },
        {
          "id": "4231701",
          "name": "BLEACH SEA S1~S4"
        },
        {
          "id": "4231702",
          "name": "BLEACH SEA S5~S8"
        },
        {
          "id": "4231703",
          "name": "BLEACH SEA S9~S12"
        },
        {
          "id": "4231704",
          "name": "BLEACH SEA S13~S16"
        },
        {
          "id": "4231705",
          "name": "BLEACH SEA S17~S20"
        },
        {
          "id": "4231706",
          "name": "BLEACH SEA S21~S24"
        },
        {
          "id": "4231707",
          "name": "BLEACH SEA S25~S28"
        },
        {
          "id": "4231708",
          "name": "BLEACH SEA S29~S32"
        },
        {
          "id": "4231709",
          "name": "BLEACH SEA S33~S36"
        },
        {
          "id": "4231710",
          "name": "BLEACH SEA S37~S40"
        },
        {
          "id": "4231711",
          "name": "BLEACH SEA S41~S44"
        },
        {
          "id": "4231712",
          "name": "BLEACH SEA S45~S48"
        },
        {
          "id": "4231713",
          "name": "BLEACH SEA S49~S52"
        },
        {
          "id": "4231714",
          "name": "BLEACH SEA S53~S56"
        },
        {
          "id": "4231715",
          "name": "BLEACH SEA S57~S60"
        },
        {
          "id": "4231716",
          "name": "BLEACH SEA S61~S64"
        },
        {
          "id": "4231717",
          "name": "BLEACH SEA S65~S68"
        },
        {
          "id": "4231718",
          "name": "BLEACH SEA S69~S72"
        },
        {
          "id": "4231719",
          "name": "BLEACH SEA S73~S79"
        },
        {
          "id": "4231720",
          "name": "BLEACH SEA S80~S86"
        },
        {
          "id": "4231721",
          "name": "BLEACH SEA S87~S93"
        },
        {
          "id": "4231722",
          "name": "BLEACH SEA S94~S100"
        },
        {
          "id": "4231751",
          "name": "BLEACH SEA S1~S20"
        },
        {
          "id": "4231752",
          "name": "BLEACH SEA S21~S48"
        },
        {
          "id": "4231801",
          "name": "BLEACH TH S1~S4"
        },
        {
          "id": "4231802",
          "name": "BLEACH TH S5~S8"
        },
        {
          "id": "4231803",
          "name": "BLEACH TH S9~S12"
        },
        {
          "id": "4231804",
          "name": "BLEACH TH S13~S16"
        },
        {
          "id": "4231805",
          "name": "BLEACH TH S17~S20"
        },
        {
          "id": "4231806",
          "name": "BLEACH TH S21~S24"
        },
        {
          "id": "4231807",
          "name": "BLEACH TH S25~S31"
        },
        {
          "id": "4231808",
          "name": "BLEACH TH S32~S38"
        },
        {
          "id": "4231809",
          "name": "BLEACH TH S39~S45"
        }
      ],
      "itemId": 902,
      "product_ref_denom": "REG",
      "product_ref": "REG",
      "catalogId": 2056,
      "paymentChannel": 5236
    },
    {
      "id": "115",
      "name": "Blizzard Gift Card (DG)",
      "slug": "blizzard-gift-card-dg",
      "provider": "duniagames",
      "isZone": false,
      "itemId": 1122,
      "product_ref_denom": "REG",
      "product_ref": "REG",
      "catalogId": 2303,
      "paymentChannel": 5662
    },
    {
      "id": "149",
      "name": "Blood Strike (DG)",
      "slug": "blood_strike-dg",
      "provider": "duniagames",
      "isZone": true,
      "dropdown": [
        {
          "id": "-1",
          "name": "Blood Strike"
        }
      ],
      "itemId": 1658,
      "product_ref_denom": "REG",
      "product_ref": "REG",
      "catalogId": 2840,
      "paymentChannel": 7565
    },
    {
      "id": "88",
      "name": "Boxing Star (DG)",
      "slug": "boxing-star-dg",
      "provider": "duniagames",
      "isZone": false,
      "itemId": 888,
      "product_ref_denom": "REG",
      "product_ref": "REG",
      "catalogId": 2042,
      "paymentChannel": 5256
    },
    {
      "id": "18",
      "name": "Call of Duty Mobile (DG)",
      "slug": "call-of-duty-mobile-dg",
      "provider": "duniagames",
      "isZone": false,
      "itemId": 88,
      "product_ref_denom": "REG",
      "product_ref": "REG",
      "catalogId": 144,
      "paymentChannel": 6081
    },
    {
      "id": "123",
      "name": "DG Mini Games (DG)",
      "slug": "dg-mini-games-dg",
      "provider": "duniagames",
      "isZone": false,
      "itemId": 1280,
      "product_ref_denom": "REG",
      "product_ref": "REG",
      "catalogId": 2463,
      "paymentChannel": 6272
    },
    {
      "id": "84",
      "name": "DG Rings (DG)",
      "slug": "dg-rings-dg",
      "provider": "duniagames",
      "isZone": false,
      "itemId": 790,
      "product_ref_denom": "REG",
      "product_ref": "REG",
      "catalogId": 1930,
      "paymentChannel": 7173
    },
    {
      "id": "VlDKNOz8pDCmlMYyJnK3sLN",
      "name": "Data Package Free Fire (DG)",
      "slug": "data-package-free-fire-dg",
      "provider": "duniagames",
      "isZone": false,
      "product_ref": "REG",
      "catalogId": null
    },
    {
      "id": "kGqdbNwzBqtgeVyDB40Gi6v",
      "name": "Data Package Mobile Legends (DG)",
      "slug": "data-package-mobile-legends-dg",
      "provider": "duniagames",
      "isZone": false,
      "product_ref": "REG",
      "catalogId": null
    },
    {
      "id": "86",
      "name": "Dragon Raja (DG)",
      "slug": "dragon-raja-dg",
      "provider": "duniagames",
      "isZone": false,
      "itemId": 825,
      "product_ref_denom": "REG",
      "product_ref": "REG",
      "catalogId": 1983,
      "paymentChannel": 5214
    },
    {
      "id": "12",
      "name": "DreadOut (DG)",
      "slug": "dreadout-dg",
      "provider": "duniagames",
      "isZone": false,
      "itemId": 63,
      "product_ref_denom": "REG",
      "product_ref": "REG",
      "catalogId": 118,
      "paymentChannel": 802
    },
    {
      "id": "8dxrRKlN3xT5R0yWbJbjiyM",
      "name": "Dynastones (DG)",
      "slug": "dynastones-dg",
      "provider": "duniagames",
      "isZone": false,
      "itemId": 1304,
      "product_ref_denom": "REG",
      "product_ref": "REG",
      "catalogId": 2487,
      "paymentChannel": 6356
    },
    {
      "id": "139",
      "name": "EA Sports FC Mobile (DG)",
      "slug": "ea-sports-fc-mobile-dg",
      "provider": "duniagames",
      "isZone": false,
      "itemId": 1502,
      "product_ref_denom": "REG",
      "product_ref": "REG",
      "catalogId": 2682,
      "paymentChannel": 6904
    },
    {
      "id": "156",
      "name": "Echocalypse (DG)",
      "slug": "echocalypse-dg",
      "provider": "duniagames",
      "isZone": true,
      "dropdown": [],
      "itemId": 1716,
      "product_ref_denom": "REG",
      "product_ref": "REG",
      "catalogId": 2894,
      "paymentChannel": 7907
    },
    {
      "id": "gGpy6LPz8pt4OAYk6nAqcz4",
      "name": "Eggy Party (DG)",
      "slug": "eggy_party-dg",
      "provider": "duniagames",
      "isZone": true,
      "dropdown": [
        {
          "id": "10001",
          "name": "Global"
        }
      ],
      "itemId": 1664,
      "product_ref_denom": "REG",
      "product_ref": "REG",
      "catalogId": 2846,
      "paymentChannel": 7663
    },
    {
      "id": "109",
      "name": "Football Master 2 (DG)",
      "slug": "football-master-2-dg",
      "provider": "duniagames",
      "isZone": false,
      "itemId": 1030,
      "product_ref_denom": "REG",
      "product_ref": "REG",
      "catalogId": 2214,
      "paymentChannel": 6560
    },
    {
      "id": "108",
      "name": "Fortnite (DG)",
      "slug": "fortnite-dg",
      "provider": "duniagames",
      "isZone": false,
      "catalogId": null
    },
    {
      "id": "160",
      "name": "Fortnite (DG)",
      "slug": "fortnite-replicate-dg",
      "provider": "duniagames",
      "isZone": false,
      "product_ref": "REG",
      "catalogId": null
    },
    {
      "id": "3",
      "name": "Free Fire (FF) (DG)",
      "slug": "freefire-dg",
      "provider": "duniagames",
      "isZone": false,
      "itemId": 353,
      "product_ref_denom": "REG",
      "product_ref": "REG",
      "catalogId": 376,
      "paymentChannel": 7964
    },
    {
      "id": "81",
      "name": "Game Speed Up (DG)",
      "slug": "game-speed-up-dg",
      "provider": "duniagames",
      "isZone": false,
      "itemId": 776,
      "product_ref_denom": "REG",
      "product_ref": "REG",
      "catalogId": 1902,
      "paymentChannel": 4870
    },
    {
      "id": "82",
      "name": "Game Speed Up Bundling (DG)",
      "slug": "game-speed-up-bundling-dg",
      "provider": "duniagames",
      "isZone": false,
      "product_ref": "REG",
      "catalogId": null
    },
    {
      "id": "148",
      "name": "GameMax COD Warzone  (DG)",
      "slug": "gamemax-cod-warzone-dg",
      "provider": "duniagames",
      "isZone": false,
      "product_ref": "REG",
      "catalogId": null
    },
    {
      "id": "93",
      "name": "GameQoo Bundling (DG)",
      "slug": "gameqoo_bundling-dg",
      "provider": "duniagames",
      "isZone": false,
      "product_ref": "REG",
      "catalogId": null
    },
    {
      "id": "121",
      "name": "GamesMAX Booster DG Rings (DG)",
      "slug": "gamesmax-booster-dg-rings-dg",
      "provider": "duniagames",
      "isZone": false,
      "itemId": 1,
      "product_ref_denom": "REG",
      "product_ref": "REG",
      "catalogId": 56,
      "paymentChannel": 5767
    },
    {
      "id": "79",
      "name": "GamesMax (DG)",
      "slug": "gamesmax-booster-dg",
      "provider": "duniagames",
      "isZone": false,
      "product_ref": "REG",
      "catalogId": null
    },
    {
      "id": "2",
      "name": "Garena Shells (DG)",
      "slug": "garena-dg",
      "provider": "duniagames",
      "isZone": false,
      "itemId": 6,
      "product_ref_denom": "REG",
      "product_ref": "REG",
      "catalogId": 61,
      "paymentChannel": 5359
    },
    {
      "id": "158",
      "name": "Garuda Eleven (DG)",
      "slug": "garuda-eleven-dg",
      "provider": "duniagames",
      "isZone": false,
      "itemId": 1731,
      "product_ref_denom": "REG",
      "product_ref": "REG",
      "catalogId": 2909,
      "paymentChannel": 7958
    },
    {
      "id": "107",
      "name": "Genshin Impact (DG)",
      "slug": "genshin-crystal-dg",
      "provider": "duniagames",
      "isZone": true,
      "dropdown": [
        {
          "id": "America",
          "name": "America"
        },
        {
          "id": "Asia",
          "name": "Asia"
        },
        {
          "id": "Europe",
          "name": "Europe"
        },
        {
          "id": "TW_HK_MO",
          "name": "TW_HK_MO"
        }
      ],
      "itemId": 1002,
      "product_ref_denom": "REG",
      "product_ref": "REG",
      "catalogId": 2163,
      "paymentChannel": 6661
    },
    {
      "id": "31",
      "name": "Google Play (DG)",
      "slug": "google-play-dg",
      "provider": "duniagames",
      "isZone": false,
      "itemId": 1312,
      "product_ref_denom": "REG",
      "product_ref": "REG",
      "catalogId": 2492,
      "paymentChannel": 6374
    },
    {
      "id": "122",
      "name": "Google Play Pass (DG)",
      "slug": "paket-google-play-pass-dg",
      "provider": "duniagames",
      "isZone": false,
      "product_ref": "REG",
      "catalogId": null
    },
    {
      "id": "157",
      "name": "Google Playpass Ketengan (DG)",
      "slug": "google-playpass-ketengan-dg",
      "provider": "duniagames",
      "isZone": false,
      "itemId": 1726,
      "product_ref_denom": "REG",
      "product_ref": "REG",
      "catalogId": 2904,
      "paymentChannel": 7953
    },
    {
      "id": "143",
      "name": "Growtopia (DG)",
      "slug": "growtopia-dg",
      "provider": "duniagames",
      "isZone": false,
      "itemId": 1513,
      "product_ref_denom": "REG",
      "product_ref": "REG",
      "catalogId": 2695,
      "paymentChannel": 7020
    },
    {
      "id": "153",
      "name": "HOK E-wallet (DG)",
      "slug": "honor-of-kings-e-wallet-dg",
      "provider": "duniagames",
      "isZone": false,
      "itemId": 1702,
      "product_ref_denom": "REG",
      "product_ref": "REG",
      "catalogId": 2880,
      "paymentChannel": 7828
    },
    {
      "id": "145",
      "name": "Harry Potter Magic Awakened (DG)",
      "slug": "harry-potter-magic-awakened-dg",
      "provider": "duniagames",
      "isZone": true,
      "dropdown": [
        {
          "id": "12001",
          "name": "萬應室"
        },
        {
          "id": "13011",
          "name": "不死鳥"
        },
        {
          "id": "13012",
          "name": "ユニコーン"
        },
        {
          "id": "13013",
          "name": "니플러"
        },
        {
          "id": "13014",
          "name": "Ashwinder"
        },
        {
          "id": "13015",
          "name": "Erumpent"
        },
        {
          "id": "13016",
          "name": "Sphinx"
        },
        {
          "id": "13017",
          "name": "Rougarou"
        },
        {
          "id": "13018",
          "name": "驺吾(海外加速区）"
        },
        {
          "id": "22001",
          "name": "servername_22001"
        }
      ],
      "itemId": 1533,
      "product_ref_denom": "REG",
      "product_ref": "REG",
      "catalogId": 2715,
      "paymentChannel": 7040
    },
    {
      "id": "118",
      "name": "Heroes Evolved (DG)",
      "slug": "heroes-evolved-dg",
      "provider": "duniagames",
      "isZone": true,
      "dropdown": [
        {
          "id": "100",
          "name": "North America - LOST TEMPLE [NA]"
        },
        {
          "id": "101",
          "name": "North America - NEW ORDER [NA]"
        },
        {
          "id": "111",
          "name": "Europe - ASGARD[EU]"
        },
        {
          "id": "112",
          "name": "Europe - OLYMPUS[EU]"
        },
        {
          "id": "121",
          "name": "South America - AMAZON [SA]"
        },
        {
          "id": "122",
          "name": "South America - EL DORADO [SA]"
        },
        {
          "id": "131",
          "name": "ASIA - S1.ANGKOR [AS]"
        },
        {
          "id": "133",
          "name": "ASIA - S2.EL NIDO [AS]"
        },
        {
          "id": "134",
          "name": "ASIA - [[TH]"
        },
        {
          "id": "100",
          "name": "ASIA - SHANGRI-LA [AS]"
        },
        {
          "id": "135",
          "name": "ASIA - [TH]"
        }
      ],
      "itemId": 1250,
      "product_ref_denom": "REG",
      "product_ref": "REG",
      "catalogId": 2427,
      "paymentChannel": 5906
    },
    {
      "id": "111",
      "name": "Heroes Evolved Point Card (DG)",
      "slug": "heroes-evolved-point-card-dg",
      "provider": "duniagames",
      "isZone": false,
      "itemId": 1052,
      "product_ref_denom": "REG",
      "product_ref": "REG",
      "catalogId": 2233,
      "paymentChannel": 5570
    },
    {
      "id": "150",
      "name": "Honkai Star Rail (DG)",
      "slug": "honkai_star_rail-dg",
      "provider": "duniagames",
      "isZone": true,
      "dropdown": [
        {
          "id": "prod_official_asia",
          "name": "Asia"
        },
        {
          "id": "prod_official_usa",
          "name": "America"
        },
        {
          "id": "prod_official_eur",
          "name": "Europe"
        },
        {
          "id": "prod_official_cht",
          "name": "TW,HK,MO"
        }
      ],
      "itemId": 1652,
      "product_ref_denom": "REG",
      "product_ref": "REG",
      "catalogId": 2834,
      "paymentChannel": 7625
    },
    {
      "id": "146",
      "name": "Honor of Kings (DG)",
      "slug": "honor-of-kings-dg",
      "provider": "duniagames",
      "isZone": false,
      "product_ref": "REG",
      "catalogId": null
    },
    {
      "id": "34",
      "name": "Langit Musik (DG)",
      "slug": "langit-musik-dg",
      "provider": "duniagames",
      "isZone": false,
      "itemId": 258,
      "product_ref_denom": "REG",
      "product_ref": "REG",
      "catalogId": 314,
      "paymentChannel": 1103
    },
    {
      "id": "128",
      "name": "Laplace Mobile (DG)",
      "slug": "laplace-mobile-dg",
      "provider": "duniagames",
      "isZone": false,
      "itemId": 1316,
      "product_ref_denom": "REG",
      "product_ref": "REG",
      "catalogId": 2496,
      "paymentChannel": 6389
    },
    {
      "id": "113",
      "name": "League of Legends : Wild Rift (DG)",
      "slug": "league-of-legends-wild-rift-dg",
      "provider": "duniagames",
      "isZone": false,
      "itemId": 1076,
      "product_ref_denom": "REG",
      "product_ref": "REG",
      "catalogId": 2257,
      "paymentChannel": 5594
    },
    {
      "id": "21",
      "name": "LifeAfter (DG)",
      "slug": "life-after-dg",
      "provider": "duniagames",
      "isZone": true,
      "dropdown": [
        {
          "id": "520007",
          "name": "ChaosCity"
        },
        {
          "id": "500007",
          "name": "ChaosOutpost"
        },
        {
          "id": "520002",
          "name": "CharlesTown"
        },
        {
          "id": "500009",
          "name": "CrystalthornSea"
        },
        {
          "id": "510001",
          "name": "FallForest"
        },
        {
          "id": "520009",
          "name": "HopeWall"
        },
        {
          "id": "500008",
          "name": "IronStride"
        },
        {
          "id": "520010",
          "name": "LabyrinthSea"
        },
        {
          "id": "520005",
          "name": "LevinCity"
        },
        {
          "id": "520006",
          "name": "MileStone"
        },
        {
          "id": "500001",
          "name": "MiskaTown"
        },
        {
          "id": "510002",
          "name": "MountSnow"
        },
        {
          "id": "500003",
          "name": "MouthSwamp"
        },
        {
          "id": "520001",
          "name": "NancyCity"
        },
        {
          "id": "500006",
          "name": "NewLand"
        },
        {
          "id": " 500005",
          "name": "Obelisk"
        },
        {
          "id": "500004",
          "name": "RedwoodTown"
        },
        {
          "id": "500002",
          "name": "SandCastle"
        },
        {
          "id": "520004",
          "name": "Santopany"
        },
        {
          "id": "520003",
          "name": "SnowHighlands"
        },
        {
          "id": " 520008",
          "name": "TwinIslands"
        }
      ],
      "itemId": 1670,
      "product_ref_denom": "REG",
      "product_ref": "REG",
      "catalogId": 2852,
      "paymentChannel": 7997
    },
    {
      "id": "L04KjLMNY4uyRABexNAEIx8",
      "name": "LifeAfter (DG)",
      "slug": "life-after-replicate-dg",
      "provider": "duniagames",
      "isZone": true,
      "dropdown": [],
      "product_ref": "REG",
      "catalogId": null
    },
    {
      "id": "114",
      "name": "Lita (DG)",
      "slug": "lita-dg",
      "provider": "duniagames",
      "isZone": false,
      "itemId": 1120,
      "product_ref_denom": "REG",
      "product_ref": "REG",
      "catalogId": 2301,
      "paymentChannel": 5660
    },
    {
      "id": "35",
      "name": "Lokapala (DG)",
      "slug": "lokapala-dg",
      "provider": "duniagames",
      "isZone": false,
      "itemId": 259,
      "product_ref_denom": "REG",
      "product_ref": "REG",
      "catalogId": 315,
      "paymentChannel": 1106
    },
    {
      "id": "105",
      "name": "Luna Fantasia (DG)",
      "slug": "luna_fantasia-dg",
      "provider": "duniagames",
      "isZone": false,
      "itemId": 986,
      "product_ref_denom": "REG",
      "product_ref": "REG",
      "catalogId": 2148,
      "paymentChannel": 7546
    },
    {
      "id": "110",
      "name": "MU Origin 3 (DG)",
      "slug": "mu-origin-3-dg",
      "provider": "duniagames",
      "isZone": false,
      "itemId": 1041,
      "product_ref_denom": "REG",
      "product_ref": "REG",
      "catalogId": 2225,
      "paymentChannel": 6477
    },
    {
      "id": "104",
      "name": "Magnet Majamojo Bundling (DG)",
      "slug": "magnet_majamojo_bundling-dg",
      "provider": "duniagames",
      "isZone": false,
      "product_ref": "REG",
      "catalogId": null
    },
    {
      "id": "119",
      "name": "Maxstream (DG)",
      "slug": "maxstream-dg",
      "provider": "duniagames",
      "isZone": false,
      "product_ref": "REG",
      "catalogId": null
    },
    {
      "id": "9",
      "name": "Megaxus (DG)",
      "slug": "mi-cash-dg",
      "provider": "duniagames",
      "isZone": false,
      "itemId": 43,
      "product_ref_denom": "REG",
      "product_ref": "REG",
      "catalogId": 98,
      "paymentChannel": 6028
    },
    {
      "id": "141",
      "name": "Metal Slug (DG)",
      "slug": "metal-slug-dg",
      "provider": "duniagames",
      "isZone": false,
      "itemId": 1488,
      "product_ref_denom": "REG",
      "product_ref": "REG",
      "catalogId": 2668,
      "paymentChannel": 6862
    },
    {
      "id": "64",
      "name": "Minecraft (DG)",
      "slug": "minecraft-dg",
      "provider": "duniagames",
      "isZone": false,
      "itemId": 454,
      "product_ref_denom": "REG",
      "product_ref": "REG",
      "catalogId": 478,
      "paymentChannel": 7987
    },
    {
      "id": "L04KjLMNY4uXXYRgxLl",
      "name": "Mobile Legends (DG)",
      "slug": "mobile-legends-dg",
      "provider": "duniagames",
      "isZone": true,
      "itemId": 66,
      "product_ref_denom": "REG",
      "product_ref": "REG",
      "catalogId": 121,
      "paymentChannel": 6361
    },
    {
      "id": "33",
      "name": "MusicMax (DG)",
      "slug": "musicmax-dg",
      "provider": "duniagames",
      "isZone": false,
      "product_ref": "REG",
      "catalogId": null
    },
    {
      "id": "98",
      "name": "NetEase Pay (DG)",
      "slug": "netease-pay-dg",
      "provider": "duniagames",
      "isZone": false,
      "itemId": 921,
      "product_ref_denom": "REG",
      "product_ref": "REG",
      "catalogId": 2075,
      "paymentChannel": 5144
    },
    {
      "id": "116",
      "name": "Nintendo Membership (DG)",
      "slug": "nintendo-membership-dg",
      "provider": "duniagames",
      "isZone": false,
      "itemId": 1209,
      "product_ref_denom": "REG",
      "product_ref": "REG",
      "catalogId": 2387,
      "paymentChannel": 7992
    },
    {
      "id": "97",
      "name": "One Punch Man : The Strongest (DG)",
      "slug": "one-punch-man-dg",
      "provider": "duniagames",
      "isZone": true,
      "itemId": 917,
      "product_ref_denom": "REG",
      "product_ref": "REG",
      "catalogId": 2071,
      "paymentChannel": 5140
    },
    {
      "id": "16",
      "name": "PUBG Mobile (DG)",
      "slug": "pubg-mobile-dg",
      "provider": "duniagames",
      "isZone": true,
      "product_ref": "REG",
      "catalogId": null
    },
    {
      "id": "124",
      "name": "Paw Rumble (DG)",
      "slug": "paw-rumble-dg",
      "provider": "duniagames",
      "isZone": false,
      "itemId": 1282,
      "product_ref_denom": "REG",
      "product_ref": "REG",
      "catalogId": 2465,
      "paymentChannel": 6334
    },
    {
      "id": "70",
      "name": "Perfect World (DG)",
      "slug": "perfect-world-dg",
      "provider": "duniagames",
      "isZone": true,
      "dropdown": [
        {
          "id": "1",
          "name": "MoonLight"
        },
        {
          "id": "2",
          "name": "Lotus"
        },
        {
          "id": "3",
          "name": "Crimson"
        },
        {
          "id": "4",
          "name": "Kirin"
        },
        {
          "id": "5",
          "name": "Morai"
        }
      ],
      "itemId": 567,
      "product_ref_denom": "REG",
      "product_ref": "REG",
      "catalogId": 593,
      "paymentChannel": 1846
    },
    {
      "id": "17",
      "name": "Point Blank (DG)",
      "slug": "point-blank-dg",
      "provider": "duniagames",
      "isZone": false,
      "itemId": 82,
      "product_ref_denom": "REG",
      "product_ref": "REG",
      "catalogId": 138,
      "paymentChannel": 6154
    },
    {
      "id": "130",
      "name": "Pokemon Unite (DG)",
      "slug": "gamesmax-booster-pokemon-unite-dg",
      "provider": "duniagames",
      "isZone": false,
      "product_ref": "REG",
      "catalogId": null
    },
    {
      "id": "73",
      "name": "RF Classic (DG)",
      "slug": "rf-classic-dg",
      "provider": "duniagames",
      "isZone": true,
      "dropdown": [
        {
          "id": "1",
          "name": "All Server"
        }
      ],
      "itemId": 582,
      "product_ref_denom": "REG",
      "product_ref": "REG",
      "catalogId": 608,
      "paymentChannel": 1861
    },
    {
      "id": "74",
      "name": "RF Remastered (DG)",
      "slug": "rf-remastered-dg",
      "provider": "duniagames",
      "isZone": true,
      "dropdown": [
        {
          "id": "1",
          "name": "All Server"
        }
      ],
      "itemId": 588,
      "product_ref_denom": "REG",
      "product_ref": "REG",
      "catalogId": 614,
      "paymentChannel": 1867
    },
    {
      "id": "Y0zAKgbJLzuBp9gOe4ZJC3e",
      "name": "Ragnarok Origin (DG)",
      "slug": "ro_origin-dg",
      "provider": "duniagames",
      "isZone": true,
      "dropdown": [],
      "itemId": 1776,
      "product_ref_denom": "REG",
      "product_ref": "REG",
      "catalogId": 2954,
      "paymentChannel": 8065
    },
    {
      "id": "77",
      "name": "Ragnarok Retro (DG)",
      "slug": "ragnarok-retro-dg",
      "provider": "duniagames",
      "isZone": false,
      "itemId": 722,
      "product_ref_denom": "REG",
      "product_ref": "REG",
      "catalogId": 1807,
      "paymentChannel": 4518
    },
    {
      "id": "13",
      "name": "Razer Gold (DG)",
      "slug": "razer-gold-dg",
      "provider": "duniagames",
      "isZone": false,
      "itemId": 69,
      "product_ref_denom": "REG",
      "product_ref": "REG",
      "catalogId": 124,
      "paymentChannel": 6808
    },
    {
      "id": "112",
      "name": "Revelation Mobile (DG)",
      "slug": "revelation-mobile-dg",
      "provider": "duniagames",
      "isZone": false,
      "itemId": 1071,
      "product_ref_denom": "REG",
      "product_ref": "REG",
      "catalogId": 2252,
      "paymentChannel": 7766
    },
    {
      "id": "129",
      "name": "Sausage Man (DG)",
      "slug": "sausage-man-dg",
      "provider": "duniagames",
      "isZone": false,
      "itemId": 1321,
      "product_ref_denom": "REG",
      "product_ref": "REG",
      "catalogId": 2501,
      "paymentChannel": 6422
    },
    {
      "id": "5",
      "name": "Speed Drifters (DG)",
      "slug": "speed-drifters-dg",
      "provider": "duniagames",
      "isZone": false,
      "itemId": 25,
      "product_ref_denom": "REG",
      "product_ref": "REG",
      "catalogId": 80,
      "paymentChannel": 6287
    },
    {
      "id": "140",
      "name": "State of Survival (DG)",
      "slug": "state-of-survival-dg",
      "provider": "duniagames",
      "isZone": false,
      "itemId": 1481,
      "product_ref_denom": "REG",
      "product_ref": "REG",
      "catalogId": 2661,
      "paymentChannel": 6841
    },
    {
      "id": "49",
      "name": "Steam (DG)",
      "slug": "voucher-steam-dg",
      "provider": "duniagames",
      "isZone": false,
      "itemId": 387,
      "product_ref_denom": "REG",
      "product_ref": "REG",
      "catalogId": 410,
      "paymentChannel": 1324
    },
    {
      "id": "144",
      "name": "Super Sus (DG)",
      "slug": "super-sus-dg",
      "provider": "duniagames",
      "isZone": false,
      "itemId": 1528,
      "product_ref_denom": "REG",
      "product_ref": "REG",
      "catalogId": 2710,
      "paymentChannel": 7035
    },
    {
      "id": "117",
      "name": "The Legend of Neverland (DG)",
      "slug": "the-legend-of-neverland-dg",
      "provider": "duniagames",
      "isZone": false,
      "itemId": 1242,
      "product_ref_denom": "REG",
      "product_ref": "REG",
      "catalogId": 2419,
      "paymentChannel": 5898
    },
    {
      "id": "27",
      "name": "Tinder (DG)",
      "slug": "tinder-dg",
      "provider": "duniagames",
      "isZone": false,
      "itemId": 196,
      "product_ref_denom": "CMS",
      "product_ref": "REG",
      "catalogId": 253,
      "paymentChannel": 946
    },
    {
      "id": "95",
      "name": "Tom and Jerry : Chase (DG)",
      "slug": "tom-and-jerry-chase-dg",
      "provider": "duniagames",
      "isZone": true,
      "dropdown": [
        {
          "id": "Asia_Server",
          "name": "Asia_Server"
        }
      ],
      "itemId": 909,
      "product_ref_denom": "REG",
      "product_ref": "REG",
      "catalogId": 2063,
      "paymentChannel": 5118
    },
    {
      "id": "Y0zAKgbJLzuBp9gOe4eDsz9",
      "name": "Top Up Gods of Myth (DG)",
      "slug": "gods-of-myth-dg",
      "provider": "duniagames",
      "isZone": false,
      "itemId": 1438,
      "product_ref_denom": "REG",
      "product_ref": "REG",
      "catalogId": 2618,
      "paymentChannel": 6774
    },
    {
      "id": "131",
      "name": "Uncharted Waters Origin (DG)",
      "slug": "uncharted-waters-origin-dg",
      "provider": "duniagames",
      "isZone": false,
      "itemId": 1376,
      "product_ref_denom": "REG",
      "product_ref": "REG",
      "catalogId": 2556,
      "paymentChannel": 6653
    },
    {
      "id": "120",
      "name": "Undawn (DG)",
      "slug": "undawn-dg",
      "provider": "duniagames",
      "isZone": false,
      "itemId": 1255,
      "product_ref_denom": "REG",
      "product_ref": "REG",
      "catalogId": 2432,
      "paymentChannel": 5932
    },
    {
      "id": "14",
      "name": "Unipin Credits (DG)",
      "slug": "unipin-dg",
      "provider": "duniagames",
      "isZone": false,
      "itemId": 72,
      "product_ref_denom": "REG",
      "product_ref": "REG",
      "catalogId": 127,
      "paymentChannel": 426
    },
    {
      "id": "132",
      "name": "Vidio (DG)",
      "slug": "vidio-dg",
      "provider": "duniagames",
      "isZone": false,
      "product_ref": "REG",
      "catalogId": null
    },
    {
      "id": "134",
      "name": "Vision+ (DG)",
      "slug": "visionplus-dg",
      "provider": "duniagames",
      "isZone": false,
      "product_ref": "REG",
      "catalogId": null
    },
    {
      "id": "135",
      "name": "Viu (DG)",
      "slug": "viu-dg",
      "provider": "duniagames",
      "isZone": false,
      "product_ref": "REG",
      "catalogId": null
    },
    {
      "id": "66",
      "name": "Voucher PUBG Mobile (DG)",
      "slug": "pubg-mobile-voucher-dg",
      "provider": "duniagames",
      "isZone": false,
      "itemId": 474,
      "product_ref_denom": "REG",
      "product_ref": "REG",
      "catalogId": 497,
      "paymentChannel": 7980
    },
    {
      "id": "154",
      "name": "Voucher Point Blank (DG)",
      "slug": "voucher-point-blank-dg",
      "provider": "duniagames",
      "isZone": false,
      "itemId": 1686,
      "product_ref_denom": "REG",
      "product_ref": "REG",
      "catalogId": 2868,
      "paymentChannel": 7725
    },
    {
      "id": "133",
      "name": "WeTV (DG)",
      "slug": "wetv-dg",
      "provider": "duniagames",
      "isZone": false,
      "product_ref": "REG",
      "catalogId": null
    },
    {
      "id": "65",
      "name": "XBOX Live Gift Card (DG)",
      "slug": "xbox-live-dg",
      "provider": "duniagames",
      "isZone": false,
      "itemId": 457,
      "product_ref_denom": "REG",
      "product_ref": "REG",
      "catalogId": 481,
      "paymentChannel": 5223
    }
  ]
}