{
   "data": [
      {
         "id": 12123331,
         "name": "PUBG Mobile GLobal 2 (Slow)",
         "slug": "pubg-mobile-a",
         "provider": "elitedias",
         "isZone": false,
         "game": "pubgm"
      },
      {
         "id": 12123331,
         "name": "Goddes Victory: Nikke (SLow)",
         "slug": "goddes-victory-nikke-a",
         "provider": "elitedias",
         "isZone": true,
         "game": "nikke",
         "dropdown": [
            {
               "zoneId": "SEA",
               "name": "SEA"
            },
            {
               "zoneId": "KR",
               "name": "KR"
            },
            {
               "zoneId": "JP",
               "name": "JP"
            },
            {
               "zoneId": "Global",
               "name": "Global"
            },
            {
               "zoneId": "NA",
               "name": "NA"
            }
         ]
      },
      {
         "id": 12123331,
         "name": "Tower of Fantasy (Slow)",
         "slug": "tower-of-fantasy-a",
         "provider": "elitedias",
         "isZone": true,
         "game": "tof",
         "dropdown": [
            {
               "name": "Phantasia",
               "region": "Southeast Asia",
               "zoneId": "16001"
            },
            {
               "name": "Mechafield",
               "region": "Southeast Asia",
               "zoneId": "16002"
            },
            {
               "name": "Ethereal Dream",
               "region": "Southeast Asia",
               "zoneId": "16003"
            },
            {
               "name": "Odyssey",
               "region": "Southeast Asia",
               "zoneId": "16004"
            },
            {
               "name": "Aestral-Noa",
               "region": "Southeast Asia",
               "zoneId": "16005"
            },
            {
               "name": "Osillron",
               "region": "Southeast Asia",
               "zoneId": "16006"
            },
            {
               "name": "Chandra",
               "region": "Southeast Asia",
               "zoneId": "16007"
            },
            {
               "name": "Saeri",
               "region": "Southeast Asia",
               "zoneId": "16008"
            },
            {
               "name": "Aeria",
               "region": "Southeast Asia",
               "zoneId": "16009"
            },
            {
               "name": "Scarlet",
               "region": "Southeast Asia",
               "zoneId": "16010"
            },
            {
               "name": "Gumi Gumi",
               "region": "Southeast Asia",
               "zoneId": "16011"
            },
            {
               "name": "Fantasia",
               "region": "Southeast Asia",
               "zoneId": "16012"
            },
            {
               "name": "Oryza",
               "region": "Southeast Asia",
               "zoneId": "16013"
            },
            {
               "name": "Stardust",
               "region": "Southeast Asia",
               "zoneId": "16014"
            },
            {
               "name": "Arcania",
               "region": "Southeast Asia",
               "zoneId": "16015"
            },
            {
               "name": "Animus",
               "region": "Southeast Asia",
               "zoneId": "16016"
            },
            {
               "name": "Mistilteinn",
               "region": "Southeast Asia",
               "zoneId": "16017"
            },
            {
               "name": "Valhalla",
               "region": "Southeast Asia",
               "zoneId": "16018"
            },
            {
               "name": "Illyrians",
               "region": "Southeast Asia",
               "zoneId": "16019"
            },
            {
               "name": "Florione",
               "region": "Southeast Asia",
               "zoneId": "16020"
            },
            {
               "name": "Oneiros",
               "region": "Southeast Asia",
               "zoneId": "16021"
            },
            {
               "name": "Famtosyana",
               "region": "Southeast Asia",
               "zoneId": "16022"
            },
            {
               "name": "Edenia",
               "region": "Southeast Asia",
               "zoneId": "16023"
            },
            {
               "name": "Eden",
               "region": "Asia Pacific",
               "zoneId": "11001"
            },
            {
               "name": "Fate",
               "region": "Asia Pacific",
               "zoneId": "11002"
            },
            {
               "name": "Nova",
               "region": "Asia Pacific",
               "zoneId": "11003"
            },
            {
               "name": "Ruby",
               "region": "Asia Pacific",
               "zoneId": "11004"
            },
            {
               "name": "Babel",
               "region": "Asia Pacific",
               "zoneId": "11005"
            },
            {
               "name": "Gomap",
               "region": "Asia Pacific",
               "zoneId": "11006"
            },
            {
               "name": "Pluto",
               "region": "Asia Pacific",
               "zoneId": "11007"
            },
            {
               "name": "Sushi",
               "region": "Asia Pacific",
               "zoneId": "11008"
            },
            {
               "name": "Venus",
               "region": "Asia Pacific",
               "zoneId": "11009"
            },
            {
               "name": "Galaxy",
               "region": "Asia Pacific",
               "zoneId": "11010"
            },
            {
               "name": "Memory",
               "region": "Asia Pacific",
               "zoneId": "11011"
            },
            {
               "name": "Oxygen",
               "region": "Asia Pacific",
               "zoneId": "11012"
            },
            {
               "name": "Sakura",
               "region": "Asia Pacific",
               "zoneId": "11013"
            },
            {
               "name": "Seeker",
               "region": "Asia Pacific",
               "zoneId": "11014"
            },
            {
               "name": "Shinya",
               "region": "Asia Pacific",
               "zoneId": "11015"
            },
            {
               "name": "Stella",
               "region": "Asia Pacific",
               "zoneId": "11016"
            },
            {
               "name": "Uranus",
               "region": "Asia Pacific",
               "zoneId": "11017"
            },
            {
               "name": "Utopia",
               "region": "Asia Pacific",
               "zoneId": "11018"
            },
            {
               "name": "Jupiter",
               "region": "Asia Pacific",
               "zoneId": "11019"
            },
            {
               "name": "Sweetie",
               "region": "Asia Pacific",
               "zoneId": "11020"
            },
            {
               "name": "Atlantis",
               "region": "Asia Pacific",
               "zoneId": "11021"
            },
            {
               "name": "Daybreak",
               "region": "Asia Pacific",
               "zoneId": "11022"
            },
            {
               "name": "Takoyaki",
               "region": "Asia Pacific",
               "zoneId": "11023"
            },
            {
               "name": "Adventure",
               "region": "Asia Pacific",
               "zoneId": "11024"
            },
            {
               "name": "Yggdrasil",
               "region": "Asia Pacific",
               "zoneId": "11025"
            },
            {
               "name": "Cocoaiteruyo",
               "region": "Asia Pacific",
               "zoneId": "11026"
            },
            {
               "name": "Food fighter",
               "region": "Asia Pacific",
               "zoneId": "11027"
            },
            {
               "name": "Mars",
               "region": "Asia Pacific",
               "zoneId": "11028"
            },
            {
               "name": "Vega",
               "region": "Asia Pacific",
               "zoneId": "11029"
            },
            {
               "name": "Neptune",
               "region": "Asia Pacific",
               "zoneId": "11030"
            },
            {
               "name": "Tenpura",
               "region": "Asia Pacific",
               "zoneId": "11031"
            },
            {
               "name": "Moon",
               "region": "Asia Pacific",
               "zoneId": "11032"
            },
            {
               "name": "Mihashira",
               "region": "Asia Pacific",
               "zoneId": "11033"
            },
            {
               "name": "Cocokonderu",
               "region": "Asia Pacific",
               "zoneId": "11034"
            },
            {
               "name": "Aimanium",
               "region": "Europe",
               "zoneId": "13001"
            },
            {
               "name": "Alintheus",
               "region": "Europe",
               "zoneId": "13002"
            },
            {
               "name": "Andoes",
               "region": "Europe",
               "zoneId": "13003"
            },
            {
               "name": "Anomora",
               "region": "Europe",
               "zoneId": "13004"
            },
            {
               "name": "Astora",
               "region": "Europe",
               "zoneId": "13005"
            },
            {
               "name": "Valstamm",
               "region": "Europe",
               "zoneId": "13006"
            },
            {
               "name": "Blumous",
               "region": "Europe",
               "zoneId": "13007"
            },
            {
               "name": "Celestialrise",
               "region": "Europe",
               "zoneId": "13008"
            },
            {
               "name": "Cosmos",
               "region": "Europe",
               "zoneId": "13009"
            },
            {
               "name": "Dyrnwyn",
               "region": "Europe",
               "zoneId": "13010"
            },
            {
               "name": "Elypium",
               "region": "Europe",
               "zoneId": "13011"
            },
            {
               "name": "Excalibur",
               "region": "Europe",
               "zoneId": "13012"
            },
            {
               "name": "Espoir IV",
               "region": "Europe",
               "zoneId": "13013"
            },
            {
               "name": "Estrela",
               "region": "Europe",
               "zoneId": "13014"
            },
            {
               "name": "Ether",
               "region": "Europe",
               "zoneId": "13015"
            },
            {
               "name": "Ex Nihilor",
               "region": "Europe",
               "zoneId": "13016"
            },
            {
               "name": "Futuria",
               "region": "Europe",
               "zoneId": "13017"
            },
            {
               "name": "Hephaestus",
               "region": "Europe",
               "zoneId": "13018"
            },
            {
               "name": "Midgard",
               "region": "Europe",
               "zoneId": "13019"
            },
            {
               "name": "Iter",
               "region": "Europe",
               "zoneId": "13020"
            },
            {
               "name": "Kuura",
               "region": "Europe",
               "zoneId": "13021"
            },
            {
               "name": "Lycoris",
               "region": "Europe",
               "zoneId": "13022"
            },
            {
               "name": "Lyramiel",
               "region": "Europe",
               "zoneId": "13023"
            },
            {
               "name": "Magenta",
               "region": "Europe",
               "zoneId": "13024"
            },
            {
               "name": "Magia Przygoda Aida",
               "region": "Europe",
               "zoneId": "13025"
            },
            {
               "name": "Olivine",
               "region": "Europe",
               "zoneId": "13026"
            },
            {
               "name": "Omnium Prime",
               "region": "Europe",
               "zoneId": "13027"
            },
            {
               "name": "Turmus",
               "region": "Europe",
               "zoneId": "13028"
            },
            {
               "name": "Transport Hub",
               "region": "Europe",
               "zoneId": "13029"
            },
            {
               "name": "The Lumina",
               "region": "Europe",
               "zoneId": "13030"
            },
            {
               "name": "Seaforth Dock",
               "region": "Europe",
               "zoneId": "13031"
            },
            {
               "name": "Silvercoast Lab",
               "region": "Europe",
               "zoneId": "13032"
            },
            {
               "name": "Karst Cave",
               "region": "Europe",
               "zoneId": "13033"
            },
            {
               "name": "Orion",
               "region": "South America",
               "zoneId": "15001"
            },
            {
               "name": "Luna Azul",
               "region": "South America",
               "zoneId": "15002"
            },
            {
               "name": "Tiamat",
               "region": "South America",
               "zoneId": "15003"
            },
            {
               "name": "Hope",
               "region": "South America",
               "zoneId": "15004"
            },
            {
               "name": "Tanzanite",
               "region": "South America",
               "zoneId": "15005"
            },
            {
               "name": "Calodesma Seven",
               "region": "South America",
               "zoneId": "15006"
            },
            {
               "name": "Antlia",
               "region": "South America",
               "zoneId": "15007"
            },
            {
               "name": "Pegasus",
               "region": "South America",
               "zoneId": "15008"
            },
            {
               "name": "Phoenix",
               "region": "South America",
               "zoneId": "15009"
            },
            {
               "name": "Centaurus",
               "region": "South America",
               "zoneId": "15010"
            },
            {
               "name": "Cepheu",
               "region": "South America",
               "zoneId": "15011"
            },
            {
               "name": "Columba",
               "region": "South America",
               "zoneId": "15012"
            },
            {
               "name": "Corvus",
               "region": "South America",
               "zoneId": "15013"
            },
            {
               "name": "Cygnus",
               "region": "South America",
               "zoneId": "15014"
            },
            {
               "name": "Grus",
               "region": "South America",
               "zoneId": "15015"
            },
            {
               "name": "Hydra",
               "region": "South America",
               "zoneId": "15016"
            },
            {
               "name": "Lyra",
               "region": "South America",
               "zoneId": "15017"
            },
            {
               "name": "Ophiuchus",
               "region": "South America",
               "zoneId": "15018"
            },
            {
               "name": "Pyxis",
               "region": "South America",
               "zoneId": "15019"
            }
         ]
      },
      {
         "id": 12123331,
         "name": "Free Fire Global (Beta)",
         "slug": "free-fire-global",
         "provider": "elitedias",
         "isZone": false,
         "game": "freefire_global"
      }
   ]
}
