{
   "data": [
      {
         "id": 1,
         "name": "Ragnarok Origin",
         "slug": "raganarok-origin",
         "provider": "roglobal",
         "isZone": true,
         "dropdown": [
            {
               "zoneId": 1,
               "name": "Prontera 1"
            },
            {
               "zoneId": 2,
               "name": "Prontera 2"
            },
            {
               "zoneId": 3,
               "name": "Prontera 3"
            },
            {
               "zoneId": 4,
               "name": "Prontera 4"
            },
            {
               "zoneId": 5,
               "name": "Prontera 5"
            },
            {
               "zoneId": 6,
               "name": "Prontera 6"
            },
            {
               "zoneId": 7,
               "name": "Prontera 7"
            },
            {
               "zoneId": 8,
               "name": "Prontera 8"
            },
            {
               "zoneId": 9,
               "name": "Prontera 9"
            },
            {
               "zoneId": 10,
               "name": "Prontera 10"
            },
            {
               "zoneId": 11,
               "name": "Izlude 1"
            },
            {
               "zoneId": 12,
               "name": "Izlude 2"
            },
            {
               "zoneId": 13,
               "name": "Izlude 3"
            },
            {
               "zoneId": 14,
               "name": "Izlude 4"
            },
            {
               "zoneId": 15,
               "name": "Izlude 5"
            },
            {
               "zoneId": 16,
               "name": "Izlude 6"
            },
            {
               "zoneId": 17,
               "name": "Izlude 7"
            },
            {
               "zoneId": 18,
               "name": "Izlude 8"
            },
            {
               "zoneId": 19,
               "name": "Izlude 9"
            },
            {
               "zoneId": 20,
               "name": "Izlude 10"
            },
            {
               "zoneId": 21,
               "name": "Morroc 1"
            },
            {
               "zoneId": 22,
               "name": "Morroc 2"
            },
            {
               "zoneId": 23,
               "name": "Morroc 3"
            },
            {
               "zoneId": 24,
               "name": "Morroc 4"
            },
            {
               "zoneId": 25,
               "name": "Morroc 5"
            },
            {
               "zoneId": 26,
               "name": "Morroc 6"
            },
            {
               "zoneId": 27,
               "name": "Morroc 7"
            },
            {
               "zoneId": 28,
               "name": "Morroc 8"
            },
            {
               "zoneId": 29,
               "name": "Morroc 9"
            },
            {
               "zoneId": 30,
               "name": "Morroc 10"
            },
            {
               "zoneId": 31,
               "name": "Geffen 1"
            },
            {
               "zoneId": 32,
               "name": "Geffen 2"
            },
            {
               "zoneId": 33,
               "name": "Geffen 3"
            },
            {
               "zoneId": 34,
               "name": "Geffen 4"
            },
            {
               "zoneId": 35,
               "name": "Geffen 5"
            },
            {
               "zoneId": 36,
               "name": "Geffen 6"
            },
            {
               "zoneId": 37,
               "name": "Geffen 7"
            },
            {
               "zoneId": 38,
               "name": "Geffen 8"
            },
            {
               "zoneId": 39,
               "name": "Geffen 9"
            },
            {
               "zoneId": 40,
               "name": "Geffen 10"
            },
            {
               "zoneId": 41,
               "name": "Payon 1"
            },
            {
               "zoneId": 42,
               "name": "Payon 2"
            },
            {
               "zoneId": 43,
               "name": "Payon 3"
            },
            {
               "zoneId": 44,
               "name": "Payon 4"
            },
            {
               "zoneId": 45,
               "name": "Payon 5"
            },
            {
               "zoneId": 46,
               "name": "Payon 6"
            },
            {
               "zoneId": 47,
               "name": "Payon 7"
            },
            {
               "zoneId": 48,
               "name": "Payon 8"
            },
            {
               "zoneId": 49,
               "name": "Payon 9"
            },
            {
               "zoneId": 50,
               "name": "Payon 10"
            },
            {
               "zoneId": 51,
               "name": "Poring Island 1"
            },
            {
               "zoneId": 52,
               "name": "Poring Island 2"
            },
            {
               "zoneId": 53,
               "name": "Poring Island 3"
            },
            {
               "zoneId": 54,
               "name": "Poring Island 4"
            },
            {
               "zoneId": 55,
               "name": "Poring Island 5"
            },
            {
               "zoneId": 56,
               "name": "Poring Island 6"
            },
            {
               "zoneId": 57,
               "name": "Poring Island 7"
            },
            {
               "zoneId": 58,
               "name": "Poring Island 8"
            },
            {
               "zoneId": 59,
               "name": "Poring Island 9"
            },
            {
               "zoneId": 60,
               "name": "Poring Island 10"
            },
            {
               "zoneId": 61,
               "name": "Orc Village 1"
            },
            {
               "zoneId": 62,
               "name": "Orc Village 2"
            },
            {
               "zoneId": 63,
               "name": "Orc Village 3"
            },
            {
               "zoneId": 64,
               "name": "Orc Village 4"
            },
            {
               "zoneId": 65,
               "name": "Orc Village 5"
            },
            {
               "zoneId": 66,
               "name": "Orc Village 6"
            },
            {
               "zoneId": 67,
               "name": "Orc Village 7"
            },
            {
               "zoneId": 68,
               "name": "Orc Village 8"
            },
            {
               "zoneId": 69,
               "name": "Orc Village 9"
            },
            {
               "zoneId": 70,
               "name": "Orc Village 10"
            }
         ]
      }
   ]
}
