{
  "data": [
    {
      "id": 8881,
      "name": "Mobile Legends Bang Bang (Work Fast)",
      "slug": "mobile-legends-bang-bang-vc",
      "vocaSlug": "mobile-legends-bang-bang",
      "code": "MOBILE_LEGENDS",
      "provider": "vocagame",
      "isZone": true,
      "dropdown": []
    },
    {
      "id": 8881,
      "name": "Honor of Kings (Work Fast)",
      "slug": "honor-of-kings-vc",
      "vocaSlug": "honor-of-kings",
      "code": "HOK",
      "provider": "vocagame",
      "isZone": false,
      "dropdown": []
    },
    {
      "id": 8881,
      "name": "PUBG Mobile (Work Fast)",
      "slug": "pubg-mobile-vc",
      "vocaSlug": "pubg-mobile",
      "code": "PUBGM",
      "provider": "vocagame",
      "isZone": false,
      "dropdown": []
    },
    {
      "id": 8881,
      "name": "Free Fire (Work Fast)",
      "slug": "free-fire-vc",
      "vocaSlug": "free-fire",
      "code": "FREEFIRE",
      "provider": "vocagame",
      "isZone": false,
      "dropdown": []
    },
    {
      "id": 8881,
      "name": "Free Fire MAX (Work Fast)",
      "slug": "free-fire-max-vc",
      "vocaSlug": "free-fire-max",
      "code": "FREEFIRE",
      "provider": "vocagame",
      "isZone": false,
      "dropdown": []
    },
    {
      "id": 8881,
      "name": "Valorant (Work Fast)",
      "slug": "valorant-vc",
      "vocaSlug": "valorant",
      "code": "VALORANT",
      "provider": "vocagame",
      "isZone": false,
      "dropdown": []
    },
    {
      "id": 8881,
      "name": "PUBG Mobile (Global) (Work Fast)",
      "slug": "pubg-mobile-global-vc",
      "vocaSlug": "pubg-mobile-global",
      "code": "PUBGM",
      "provider": "vocagame",
      "isZone": false,
      "dropdown": []
    },
    {
      "id": 8881,
      "name": "Whiteout Survival (Work Fast)",
      "slug": "whiteout-survival-vc",
      "vocaSlug": "whiteout-survival",
      "code": "WHITEOUT_SURVIVAL",
      "provider": "vocagame",
      "isZone": false,
      "dropdown": []
    },
    {
      "id": 8881,
      "name": "Arena Breakout (Work Fast)",
      "slug": "arena-breakout-vc",
      "vocaSlug": "arena-breakout",
      "code": "ARENA_BREAKOUT",
      "provider": "vocagame",
      "isZone": false,
      "dropdown": []
    },
    {
      "id": 8881,
      "name": "Call Of Duty Mobile ID (Work Fast)",
      "slug": "call-of-duty-mobile-id-vc",
      "vocaSlug": "call-of-duty-mobile-id",
      "code": "CALL_OF_DUTY",
      "provider": "vocagame",
      "isZone": false,
      "dropdown": []
    },
    {
      "id": 8881,
      "name": "Cloud Song : Saga of Skywalkers (Work Fast)",
      "slug": "cloud-song-saga-of-skywalkers-vc",
      "vocaSlug": "cloud-song-saga-of-skywalkers",
      "code": "VNG_CLOUD_SONG",
      "provider": "vocagame",
      "isZone": false,
      "dropdown": []
    },
    {
      "id": 8881,
      "name": "Dragon Raja (Work Fast)",
      "slug": "dragon-raja-vc",
      "vocaSlug": "dragon-raja",
      "code": "ZULONG_DRAGON_RAJA",
      "provider": "vocagame",
      "isZone": false,
      "dropdown": []
    },
    {
      "id": 8881,
      "name": "Genshin Impact (Work Fast)",
      "slug": "genshin-impact-vc",
      "vocaSlug": "genshin-impact",
      "code": "GENSHIN_IMPACT",
      "provider": "vocagame",
      "isZone": true,
      "dropdown": [
        {
          "zoneId": "os_usa",
          "name": "America"
        },
        {
          "zoneId": "os_euro",
          "name": "Europe"
        },
        {
          "zoneId": "os_asia",
          "name": "Asia"
        },
        {
          "zoneId": "os_cht",
          "name": "TW, HK, MO"
        }
      ]
    },
    {
      "id": 8881,
      "name": "Laplace M (Work Fast)",
      "slug": "laplace-m-vc",
      "vocaSlug": "laplace-m",
      "code": "ZLONGAME",
      "provider": "vocagame",
      "isZone": false,
      "dropdown": []
    },
    {
      "id": 8881,
      "name": "League of Legends: Wild Rift (Work Fast)",
      "slug": "league-of-legends-wild-rift-vc",
      "vocaSlug": "league-of-legends-wild-rift",
      "code": "WILD_RIFT",
      "provider": "vocagame",
      "isZone": false,
      "dropdown": []
    },
    {
      "id": 8881,
      "name": "LifeAfter (Work Fast)",
      "slug": "lifeafter-vc",
      "vocaSlug": "lifeafter",
      "code": "NETEASE_LIFEAFTER",
      "provider": "vocagame",
      "isZone": true,
      "dropdown": [
        {
          "zoneId": "500001",
          "name": "MiskaTown"
        },
        {
          "zoneId": "500002",
          "name": "SandCastle"
        },
        {
          "zoneId": "500003",
          "name": "MouthSwamp"
        },
        {
          "zoneId": "500004",
          "name": "RedwoodTown"
        },
        {
          "zoneId": "500005",
          "name": "Obelisk"
        },
        {
          "zoneId": "500007",
          "name": "ChaosOutpost"
        },
        {
          "zoneId": "500008",
          "name": "IronStride"
        },
        {
          "zoneId": "510001",
          "name": "FallForest"
        },
        {
          "zoneId": "510002",
          "name": "MountSnow"
        },
        {
          "zoneId": "520001",
          "name": "NancyCity"
        },
        {
          "zoneId": "520002",
          "name": "CharlesTown"
        },
        {
          "zoneId": "520003",
          "name": "SnowHighlands"
        },
        {
          "zoneId": "520004",
          "name": "Santopany"
        },
        {
          "zoneId": "520005",
          "name": "LevinCity"
        },
        {
          "zoneId": "520007",
          "name": "ChaosCity"
        },
        {
          "zoneId": "520008",
          "name": "TwinIslands"
        },
        {
          "zoneId": "520009",
          "name": "HopeWall"
        },
        {
          "zoneId": "500006",
          "name": "NewLand"
        },
        {
          "zoneId": "500009",
          "name": "CrystalthornSea"
        },
        {
          "zoneId": "520006",
          "name": "MileStone"
        },
        {
          "zoneId": "520010",
          "name": "LabyrinthSea"
        }
      ]
    },
    {
      "id": 8881,
      "name": "Mirage:Perfect Skyline (Work Fast)",
      "slug": "mirageperfect-skyline-vc",
      "vocaSlug": "mirageperfect-skyline",
      "code": "PERFECT_SKYLINE",
      "provider": "vocagame",
      "isZone": true,
      "dropdown": [
        {
          "zoneId": "1",
          "name": "Mirage"
        },
        {
          "zoneId": "2",
          "name": "Skyreach"
        },
        {
          "zoneId": "3",
          "name": "Aelley"
        },
        {
          "zoneId": "4",
          "name": "Deepapple"
        },
        {
          "zoneId": "5",
          "name": "Fairbel1"
        },
        {
          "zoneId": "6",
          "name": "Icebank"
        },
        {
          "zoneId": "7",
          "name": "Mageburn"
        },
        {
          "zoneId": "8",
          "name": "Seacliff"
        },
        {
          "zoneId": "9",
          "name": "Valbarrow"
        },
        {
          "zoneId": "10",
          "name": "Watermont"
        },
        {
          "zoneId": "11",
          "name": "Aelcliff"
        },
        {
          "zoneId": "12",
          "name": "Fairburn"
        },
        {
          "zoneId": "13",
          "name": "Glassbell"
        },
        {
          "zoneId": "14",
          "name": "Icebell"
        },
        {
          "zoneId": "15",
          "name": "Janbush"
        },
        {
          "zoneId": "16",
          "name": "Oaktown"
        },
        {
          "zoneId": "17",
          "name": "Vallea"
        },
        {
          "zoneId": "18",
          "name": "Deepbush"
        },
        {
          "zoneId": "19",
          "name": "Eastcoast"
        },
        {
          "zoneId": "20",
          "name": "Fairhill"
        },
        {
          "zoneId": "21",
          "name": "Janhall"
        },
        {
          "zoneId": "22",
          "name": "Lakeport"
        },
        {
          "zoneId": "23",
          "name": "Magemarsh"
        },
        {
          "zoneId": "24",
          "name": "Newcliff"
        },
        {
          "zoneId": "25",
          "name": "Oldash"
        },
        {
          "zoneId": "26",
          "name": "Pinepond"
        },
        {
          "zoneId": "27",
          "name": "Seahollow"
        },
        {
          "zoneId": "28",
          "name": "Valport"
        },
        {
          "zoneId": "29",
          "name": "Aelston"
        },
        {
          "zoneId": "30",
          "name": "Eastdeer"
        },
        {
          "zoneId": "31",
          "name": "Glassden"
        },
        {
          "zoneId": "32",
          "name": "Icebush"
        },
        {
          "zoneId": "33",
          "name": "Janlake"
        },
        {
          "zoneId": "34",
          "name": "Oldbutter"
        },
        {
          "zoneId": "35",
          "name": "Pinetown"
        },
        {
          "zoneId": "36",
          "name": "Raykeep"
        },
        {
          "zoneId": "37",
          "name": "Valville"
        },
        {
          "zoneId": "38",
          "name": "Aldapple"
        },
        {
          "zoneId": "39",
          "name": "Baykeep"
        },
        {
          "zoneId": "40",
          "name": "Clearden"
        },
        {
          "zoneId": "41",
          "name": "Deepcliff"
        },
        {
          "zoneId": "42",
          "name": "Easthall"
        },
        {
          "zoneId": "43",
          "name": "Fairmarsh"
        },
        {
          "zoneId": "44",
          "name": "Icecastle"
        },
        {
          "zoneId": "45",
          "name": "Janmeadow"
        },
        {
          "zoneId": "46",
          "name": "Pinevale"
        },
        {
          "zoneId": "47",
          "name": "Vertbank"
        },
        {
          "zoneId": "48",
          "name": "Wayford"
        },
        {
          "zoneId": "49",
          "name": "Aldbeach"
        },
        {
          "zoneId": "50",
          "name": "Baypond"
        },
        {
          "zoneId": "51",
          "name": "Deepcoast"
        },
        {
          "zoneId": "52",
          "name": "Glassedge"
        },
        {
          "zoneId": "53",
          "name": "Highacre"
        },
        {
          "zoneId": "54",
          "name": "Icecoast"
        },
        {
          "zoneId": "55",
          "name": "Landcliff"
        },
        {
          "zoneId": "56",
          "name": "Newfield"
        },
        {
          "zoneId": "57",
          "name": "Oldgate"
        },
        {
          "zoneId": "58",
          "name": "Pinewall"
        },
        {
          "zoneId": "59",
          "name": "Shadehedge"
        },
        {
          "zoneId": "60",
          "name": "Vertbrook"
        },
        {
          "zoneId": "61",
          "name": "Wayhill"
        },
        {
          "zoneId": "62",
          "name": "Deepdell"
        },
        {
          "zoneId": "63",
          "name": "Eastmarsh"
        },
        {
          "zoneId": "64",
          "name": "Glassford"
        },
        {
          "zoneId": "65",
          "name": "Highash"
        },
        {
          "zoneId": "66",
          "name": "Icefall"
        },
        {
          "zoneId": "67",
          "name": "Jantown"
        },
        {
          "zoneId": "68",
          "name": "Landmoor"
        },
        {
          "zoneId": "69",
          "name": "Newhaven"
        },
        {
          "zoneId": "70",
          "name": "Oldham"
        },
        {
          "zoneId": "71",
          "name": "Pondcastle"
        },
        {
          "zoneId": "72",
          "name": "Raymead"
        },
        {
          "zoneId": "73",
          "name": "Shadelake"
        },
        {
          "zoneId": "74",
          "name": "Vertbutter"
        },
        {
          "zoneId": "75",
          "name": "Wayholt"
        },
        {
          "zoneId": "76",
          "name": "Beachgate"
        },
        {
          "zoneId": "77",
          "name": "Deepholt"
        },
        {
          "zoneId": "78",
          "name": "Eastmill"
        },
        {
          "zoneId": "79",
          "name": "Fairshadow"
        },
        {
          "zoneId": "80",
          "name": "Glasslea"
        },
        {
          "zoneId": "81",
          "name": "Highcrest"
        },
        {
          "zoneId": "82",
          "name": "Icemage"
        },
        {
          "zoneId": "83",
          "name": "Newhedge"
        },
        {
          "zoneId": "84",
          "name": "Oldmeadow"
        },
        {
          "zoneId": "85",
          "name": "Pondcoast"
        },
        {
          "zoneId": "86",
          "name": "Raymill"
        },
        {
          "zoneId": "87",
          "name": "Shadepond"
        },
        {
          "zoneId": "88",
          "name": "Vertcastle"
        },
        {
          "zoneId": "89",
          "name": "Waynesse"
        },
        {
          "zoneId": "90",
          "name": "Beachholt"
        },
        {
          "zoneId": "91",
          "name": "Clearfog"
        },
        {
          "zoneId": "92",
          "name": "Deephurst"
        },
        {
          "zoneId": "93",
          "name": "Eastsage"
        },
        {
          "zoneId": "94",
          "name": "Fairvale"
        },
        {
          "zoneId": "95",
          "name": "Highland"
        },
        {
          "zoneId": "96",
          "name": "Mallowdeer"
        },
        {
          "zoneId": "97",
          "name": "Newholt"
        },
        {
          "zoneId": "98",
          "name": "Oldpond"
        },
        {
          "zoneId": "99",
          "name": "Pondlake"
        },
        {
          "zoneId": "100",
          "name": "Vertdale"
        },
        {
          "zoneId": "101",
          "name": "Aldlake"
        },
        {
          "zoneId": "102",
          "name": "Beechhedge"
        },
        {
          "zoneId": "103",
          "name": "Clearhill"
        },
        {
          "zoneId": "104",
          "name": "Deepmarble"
        },
        {
          "zoneId": "105",
          "name": "Eastston"
        },
        {
          "zoneId": "106",
          "name": "Highley"
        },
        {
          "zoneId": "107",
          "name": "Astria"
        },
        {
          "zoneId": "108",
          "name": "Tempestus"
        },
        {
          "zoneId": "109",
          "name": "Puddles"
        },
        {
          "zoneId": "110",
          "name": "Anemis"
        },
        {
          "zoneId": "111",
          "name": "Bane"
        },
        {
          "zoneId": "112",
          "name": "Snift"
        },
        {
          "zoneId": "113",
          "name": "Storm"
        },
        {
          "zoneId": "114",
          "name": "Granius"
        },
        {
          "zoneId": "115",
          "name": "Iglis"
        },
        {
          "zoneId": "116",
          "name": "Optix"
        },
        {
          "zoneId": "117",
          "name": "Vexus"
        },
        {
          "zoneId": "118",
          "name": "Aros"
        },
        {
          "zoneId": "119",
          "name": "Gale"
        },
        {
          "zoneId": "120",
          "name": "Jinx"
        },
        {
          "zoneId": "121",
          "name": "Spiritus"
        },
        {
          "zoneId": "122",
          "name": "Clipse"
        },
        {
          "zoneId": "123",
          "name": "Enigma"
        },
        {
          "zoneId": "124",
          "name": "Animax"
        },
        {
          "zoneId": "125",
          "name": "Inanos"
        },
        {
          "zoneId": "126",
          "name": "Lucernas"
        },
        {
          "zoneId": "127",
          "name": "Iniq"
        },
        {
          "zoneId": "128",
          "name": "Vape"
        },
        {
          "zoneId": "129",
          "name": "Aquara"
        },
        {
          "zoneId": "130",
          "name": "Parados"
        },
        {
          "zoneId": "131",
          "name": "Intra"
        },
        {
          "zoneId": "132",
          "name": "Slate"
        },
        {
          "zoneId": "133",
          "name": "Mistral"
        },
        {
          "zoneId": "134",
          "name": "Clot"
        },
        {
          "zoneId": "135",
          "name": "Aeos"
        },
        {
          "zoneId": "136",
          "name": "Decessus"
        },
        {
          "zoneId": "137",
          "name": "Scorch"
        },
        {
          "zoneId": "138",
          "name": "Hemall"
        },
        {
          "zoneId": "139",
          "name": "Fuego"
        },
        {
          "zoneId": "140",
          "name": "Mojo"
        },
        {
          "zoneId": "141",
          "name": "Allure"
        },
        {
          "zoneId": "142",
          "name": "Theuros"
        },
        {
          "zoneId": "143",
          "name": "Lumen"
        },
        {
          "zoneId": "144",
          "name": "Tsuna"
        },
        {
          "zoneId": "145",
          "name": "Terrane"
        },
        {
          "zoneId": "146",
          "name": "Deus"
        },
        {
          "zoneId": "147",
          "name": "Cruor"
        },
        {
          "zoneId": "148",
          "name": "Bolt"
        },
        {
          "zoneId": "149",
          "name": "Incedis"
        },
        {
          "zoneId": "150",
          "name": "Synapse"
        },
        {
          "zoneId": "151",
          "name": "Aquis"
        },
        {
          "zoneId": "152",
          "name": "Glacis"
        },
        {
          "zoneId": "153",
          "name": "Aetas"
        },
        {
          "zoneId": "154",
          "name": "Sprite"
        },
        {
          "zoneId": "155",
          "name": "Flair"
        },
        {
          "zoneId": "156",
          "name": "Plasma"
        },
        {
          "zoneId": "157",
          "name": "Genesis"
        },
        {
          "zoneId": "158",
          "name": "Entros"
        },
        {
          "zoneId": "159",
          "name": "Infernus"
        },
        {
          "zoneId": "160",
          "name": "Ocus"
        },
        {
          "zoneId": "161",
          "name": "Magnos"
        },
        {
          "zoneId": "162",
          "name": "Arter"
        },
        {
          "zoneId": "163",
          "name": "Sanguin"
        },
        {
          "zoneId": "164",
          "name": "Nighe"
        },
        {
          "zoneId": "165",
          "name": "Mortos"
        },
        {
          "zoneId": "166",
          "name": "Sod"
        },
        {
          "zoneId": "167",
          "name": "Vitae"
        },
        {
          "zoneId": "168",
          "name": "Blossom"
        },
        {
          "zoneId": "169",
          "name": "Firn"
        },
        {
          "zoneId": "170",
          "name": "Mementos"
        },
        {
          "zoneId": "171",
          "name": "SignalZen"
        },
        {
          "zoneId": "172",
          "name": "Alpha"
        },
        {
          "zoneId": "173",
          "name": "Saint"
        },
        {
          "zoneId": "174",
          "name": "Juju"
        },
        {
          "zoneId": "175",
          "name": "Lambence"
        },
        {
          "zoneId": "176",
          "name": "Smoldris"
        },
        {
          "zoneId": "177",
          "name": "Lumis"
        },
        {
          "zoneId": "178",
          "name": "Tesla"
        },
        {
          "zoneId": "179",
          "name": "Synergy"
        },
        {
          "zoneId": "180",
          "name": "Corax"
        },
        {
          "zoneId": "181",
          "name": "Tsunis"
        },
        {
          "zoneId": "182",
          "name": "Malefis"
        },
        {
          "zoneId": "183",
          "name": "Harmony"
        },
        {
          "zoneId": "184",
          "name": "Conjis"
        },
        {
          "zoneId": "185",
          "name": "Desa"
        },
        {
          "zoneId": "186",
          "name": "Aurora"
        },
        {
          "zoneId": "187",
          "name": "Echo"
        },
        {
          "zoneId": "188",
          "name": "Holmes"
        },
        {
          "zoneId": "189",
          "name": "Zeus"
        },
        {
          "zoneId": "190",
          "name": "Chemos"
        },
        {
          "zoneId": "191",
          "name": "Central"
        },
        {
          "zoneId": "192",
          "name": "Neo"
        },
        {
          "zoneId": "193",
          "name": "Codex"
        },
        {
          "zoneId": "194",
          "name": "Throm"
        },
        {
          "zoneId": "195",
          "name": "Lumos"
        },
        {
          "zoneId": "196",
          "name": "Cerebus"
        },
        {
          "zoneId": "197",
          "name": "Sanguinus"
        },
        {
          "zoneId": "198",
          "name": "Anomalis"
        },
        {
          "zoneId": "199",
          "name": "Halos"
        },
        {
          "zoneId": "200",
          "name": "Ceauno"
        },
        {
          "zoneId": "201",
          "name": "Spock"
        },
        {
          "zoneId": "202",
          "name": "Salis"
        },
        {
          "zoneId": "203",
          "name": "Umber"
        },
        {
          "zoneId": "204",
          "name": "Heaf"
        },
        {
          "zoneId": "205",
          "name": "Tatheam"
        },
        {
          "zoneId": "206",
          "name": "Liquis"
        },
        {
          "zoneId": "207",
          "name": "Lustrous"
        },
        {
          "zoneId": "208",
          "name": "Avian"
        },
        {
          "zoneId": "209",
          "name": "Arcanis"
        },
        {
          "zoneId": "210",
          "name": "Anemia"
        },
        {
          "zoneId": "211",
          "name": "Inception"
        },
        {
          "zoneId": "212",
          "name": "Cyclonius"
        },
        {
          "zoneId": "213",
          "name": "Ragnis"
        },
        {
          "zoneId": "214",
          "name": "Vitalus"
        },
        {
          "zoneId": "215",
          "name": "Azuris"
        },
        {
          "zoneId": "216",
          "name": "Arte"
        },
        {
          "zoneId": "217",
          "name": "Solas"
        },
        {
          "zoneId": "218",
          "name": "Lussios"
        },
        {
          "zoneId": "219",
          "name": "Ashe"
        },
        {
          "zoneId": "220",
          "name": "Galvan"
        },
        {
          "zoneId": "221",
          "name": "Heinios"
        },
        {
          "zoneId": "222",
          "name": "Prism"
        },
        {
          "zoneId": "223",
          "name": "Voxis"
        },
        {
          "zoneId": "224",
          "name": "Tec"
        },
        {
          "zoneId": "225",
          "name": "Lucus"
        },
        {
          "zoneId": "226",
          "name": "Glum"
        },
        {
          "zoneId": "227",
          "name": "Omni"
        },
        {
          "zoneId": "228",
          "name": "Cryo"
        },
        {
          "zoneId": "229",
          "name": "Omega"
        },
        {
          "zoneId": "230",
          "name": "Incantus"
        },
        {
          "zoneId": "231",
          "name": "Soots"
        },
        {
          "zoneId": "232",
          "name": "Vox"
        },
        {
          "zoneId": "233",
          "name": "Glamos"
        },
        {
          "zoneId": "234",
          "name": "Peros"
        },
        {
          "zoneId": "235",
          "name": "Hema"
        },
        {
          "zoneId": "236",
          "name": "Imperos"
        },
        {
          "zoneId": "237",
          "name": "Hydrius"
        },
        {
          "zoneId": "238",
          "name": "Precipise"
        },
        {
          "zoneId": "239",
          "name": "Sanguine"
        },
        {
          "zoneId": "240",
          "name": "Soros"
        },
        {
          "zoneId": "241",
          "name": "Ramman"
        },
        {
          "zoneId": "242",
          "name": "Genos"
        },
        {
          "zoneId": "243",
          "name": "Oracle"
        },
        {
          "zoneId": "244",
          "name": "Quary"
        },
        {
          "zoneId": "245",
          "name": "Avalan"
        },
        {
          "zoneId": "246",
          "name": "Carer"
        },
        {
          "zoneId": "247",
          "name": "Aspect"
        },
        {
          "zoneId": "248",
          "name": "Huricis"
        },
        {
          "zoneId": "249",
          "name": "Clarity"
        },
        {
          "zoneId": "250",
          "name": "Cryogen"
        },
        {
          "zoneId": "251",
          "name": "Aeranas"
        },
        {
          "zoneId": "252",
          "name": "Fluke"
        },
        {
          "zoneId": "253",
          "name": "Stratos"
        },
        {
          "zoneId": "254",
          "name": "Thinkerer"
        },
        {
          "zoneId": "255",
          "name": "Switch"
        },
        {
          "zoneId": "256",
          "name": "Twileigh"
        },
        {
          "zoneId": "257",
          "name": "Flarion"
        },
        {
          "zoneId": "258",
          "name": "Thromb"
        },
        {
          "zoneId": "259",
          "name": "Elec"
        },
        {
          "zoneId": "260",
          "name": "Saline"
        },
        {
          "zoneId": "261",
          "name": "Sange"
        },
        {
          "zoneId": "262",
          "name": "Yasha"
        },
        {
          "zoneId": "263",
          "name": "Volance"
        },
        {
          "zoneId": "264",
          "name": "Myrios"
        },
        {
          "zoneId": "265",
          "name": "Acidosis"
        },
        {
          "zoneId": "266",
          "name": "Precipe"
        },
        {
          "zoneId": "267",
          "name": "Fusilis"
        },
        {
          "zoneId": "268",
          "name": "Kindle"
        },
        {
          "zoneId": "269",
          "name": "Golem"
        },
        {
          "zoneId": "270",
          "name": "Flo"
        },
        {
          "zoneId": "271",
          "name": "Flux"
        },
        {
          "zoneId": "272",
          "name": "Limus"
        },
        {
          "zoneId": "273",
          "name": "Granit"
        },
        {
          "zoneId": "274",
          "name": "Zero"
        },
        {
          "zoneId": "275",
          "name": "Pyroc"
        },
        {
          "zoneId": "276",
          "name": "Fenix"
        },
        {
          "zoneId": "277",
          "name": "Septos"
        },
        {
          "zoneId": "278",
          "name": "Fulg"
        },
        {
          "zoneId": "279",
          "name": "Vessel"
        },
        {
          "zoneId": "280",
          "name": "Ware"
        },
        {
          "zoneId": "281",
          "name": "Sonas"
        },
        {
          "zoneId": "282",
          "name": "Hurican"
        },
        {
          "zoneId": "283",
          "name": "Magmis"
        },
        {
          "zoneId": "284",
          "name": "Butler"
        },
        {
          "zoneId": "285",
          "name": "Azura"
        },
        {
          "zoneId": "286",
          "name": "Colossus"
        },
        {
          "zoneId": "287",
          "name": "Thera"
        },
        {
          "zoneId": "288",
          "name": "Exanimus"
        },
        {
          "zoneId": "289",
          "name": "Disas"
        },
        {
          "zoneId": "290",
          "name": "Adum"
        },
        {
          "zoneId": "291",
          "name": "Skye"
        },
        {
          "zoneId": "292",
          "name": "Cerulis"
        },
        {
          "zoneId": "293",
          "name": "Oria"
        },
        {
          "zoneId": "294",
          "name": "Alchos"
        },
        {
          "zoneId": "295",
          "name": "Lutu"
        },
        {
          "zoneId": "296",
          "name": "Flaik"
        },
        {
          "zoneId": "297",
          "name": "Whiff"
        },
        {
          "zoneId": "298",
          "name": "Icefield"
        },
        {
          "zoneId": "299",
          "name": "Ancient"
        },
        {
          "zoneId": "300",
          "name": "Shadow"
        },
        {
          "zoneId": "301",
          "name": "Atlantis"
        },
        {
          "zoneId": "302",
          "name": "Ence"
        },
        {
          "zoneId": "303",
          "name": "Fairy"
        },
        {
          "zoneId": "304",
          "name": "Minzie"
        },
        {
          "zoneId": "305",
          "name": "Swort"
        },
        {
          "zoneId": "306",
          "name": "Woodland"
        },
        {
          "zoneId": "307",
          "name": "Bringer"
        },
        {
          "zoneId": "308",
          "name": "Xavier"
        },
        {
          "zoneId": "309",
          "name": "Star"
        },
        {
          "zoneId": "310",
          "name": "Platinum"
        },
        {
          "zoneId": "311",
          "name": "Sherwin"
        },
        {
          "zoneId": "312",
          "name": "Sayee"
        },
        {
          "zoneId": "313",
          "name": "Abby"
        },
        {
          "zoneId": "314",
          "name": "Rayne"
        },
        {
          "zoneId": "315",
          "name": "Falconer"
        },
        {
          "zoneId": "316",
          "name": "Snowy"
        },
        {
          "zoneId": "317",
          "name": "Delta"
        },
        {
          "zoneId": "318",
          "name": "Adherent"
        },
        {
          "zoneId": "319",
          "name": "Mash"
        },
        {
          "zoneId": "320",
          "name": "Oberon"
        },
        {
          "zoneId": "321",
          "name": "Merlin"
        },
        {
          "zoneId": "322",
          "name": "Silence"
        },
        {
          "zoneId": "323",
          "name": "One"
        },
        {
          "zoneId": "324",
          "name": "Unkilling"
        },
        {
          "zoneId": "325",
          "name": "Siegfried"
        },
        {
          "zoneId": "326",
          "name": "Naro"
        },
        {
          "zoneId": "327",
          "name": "Sigurd"
        },
        {
          "zoneId": "300000",
          "name": "Skyline"
        },
        {
          "zoneId": "300001",
          "name": "Petalavia"
        },
        {
          "zoneId": "300002",
          "name": "Blackford"
        },
        {
          "zoneId": "300003",
          "name": "Eriston"
        },
        {
          "zoneId": "300004",
          "name": "Grasswall"
        },
        {
          "zoneId": "300005",
          "name": "Norwall"
        },
        {
          "zoneId": "300006",
          "name": "Violetwyn"
        },
        {
          "zoneId": "300007",
          "name": "Eriwall"
        },
        {
          "zoneId": "300008",
          "name": "Fayshade"
        },
        {
          "zoneId": "300009",
          "name": "Greenelf"
        },
        {
          "zoneId": "300010",
          "name": "Lochcourt"
        },
        {
          "zoneId": "300011",
          "name": "Blackoak"
        },
        {
          "zoneId": "300012",
          "name": "Cordale"
        },
        {
          "zoneId": "300013",
          "name": "Eriwick"
        },
        {
          "zoneId": "300014",
          "name": "Fayshore"
        },
        {
          "zoneId": "300015",
          "name": "Roseford"
        },
        {
          "zoneId": "300016",
          "name": "Corhollow"
        },
        {
          "zoneId": "300017",
          "name": "Lochgate"
        },
        {
          "zoneId": "300018",
          "name": "Marblemage"
        },
        {
          "zoneId": "300019",
          "name": "Rosemarsh"
        },
        {
          "zoneId": "300020",
          "name": "Corlake"
        },
        {
          "zoneId": "300021",
          "name": "Draclake"
        },
        {
          "zoneId": "300022",
          "name": "Esterbeach"
        },
        {
          "zoneId": "300023",
          "name": "Fielddale"
        },
        {
          "zoneId": "300024",
          "name": "Greenloch"
        },
        {
          "zoneId": "300025",
          "name": "Lochhaven"
        },
        {
          "zoneId": "300026",
          "name": "Rosemeadow"
        },
        {
          "zoneId": "300027",
          "name": "Shoreport"
        },
        {
          "zoneId": "300028",
          "name": "Bluebarrow"
        },
        {
          "zoneId": "300029",
          "name": "Fielddell"
        },
        {
          "zoneId": "300030",
          "name": "Lochmead"
        },
        {
          "zoneId": "300031",
          "name": "Roseport"
        },
        {
          "zoneId": "300032",
          "name": "Silverash"
        },
        {
          "zoneId": "300033",
          "name": "Dracmead"
        },
        {
          "zoneId": "300034",
          "name": "Estercrest"
        },
        {
          "zoneId": "300035",
          "name": "Fieldmill"
        },
        {
          "zoneId": "300036",
          "name": "Lochoak"
        },
        {
          "zoneId": "300037",
          "name": "Rosesea"
        },
        {
          "zoneId": "300038",
          "name": "Silverbank"
        },
        {
          "zoneId": "300039",
          "name": "Westerwyn"
        },
        {
          "zoneId": "300040",
          "name": "Bluedragon"
        },
        {
          "zoneId": "300041",
          "name": "Corwick"
        },
        {
          "zoneId": "300042",
          "name": "Dracmeadow"
        },
        {
          "zoneId": "300043",
          "name": "Greenmill"
        },
        {
          "zoneId": "300044",
          "name": "Lochville"
        },
        {
          "zoneId": "300045",
          "name": "Blueelf"
        },
        {
          "zoneId": "300046",
          "name": "Esterhaven"
        },
        {
          "zoneId": "300047",
          "name": "Fieldnesse"
        },
        {
          "zoneId": "300048",
          "name": "Greenness"
        },
        {
          "zoneId": "300049",
          "name": "Lochwell"
        },
        {
          "zoneId": "300050",
          "name": "Roseway"
        },
        {
          "zoneId": "300051",
          "name": "Bluehedge"
        },
        {
          "zoneId": "300052",
          "name": "Courtdell"
        },
        {
          "zoneId": "300053",
          "name": "Dracshore"
        },
        {
          "zoneId": "300054",
          "name": "Fieldport"
        },
        {
          "zoneId": "300055",
          "name": "Lochwynne"
        },
        {
          "zoneId": "300056",
          "name": "Marshhill"
        },
        {
          "zoneId": "300057",
          "name": "Silveredge"
        },
        {
          "zoneId": "300058",
          "name": "Bluemarble"
        },
        {
          "zoneId": "300059",
          "name": "Courtlyn"
        },
        {
          "zoneId": "300060",
          "name": "Dracton"
        },
        {
          "zoneId": "300061",
          "name": "Loracre"
        },
        {
          "zoneId": "300062",
          "name": "Marshlake"
        },
        {
          "zoneId": "300063",
          "name": "Westlea"
        },
        {
          "zoneId": "300064",
          "name": "Bluesage"
        },
        {
          "zoneId": "300065",
          "name": "Courtmere"
        },
        {
          "zoneId": "300066",
          "name": "Dracwick"
        },
        {
          "zoneId": "300067",
          "name": "Esterness"
        },
        {
          "zoneId": "300068",
          "name": "Greyacre"
        },
        {
          "zoneId": "300069",
          "name": "Lorburn"
        },
        {
          "zoneId": "300070",
          "name": "Meadowedge"
        },
        {
          "zoneId": "300071",
          "name": "Silverlake"
        },
        {
          "zoneId": "300072",
          "name": "Westtown"
        },
        {
          "zoneId": "300073",
          "name": "Bluespell"
        },
        {
          "zoneId": "300074",
          "name": "Courtmill"
        },
        {
          "zoneId": "300075",
          "name": "Esteroak"
        },
        {
          "zoneId": "300076",
          "name": "Greybush"
        },
        {
          "zoneId": "300077",
          "name": "Lorcastle"
        },
        {
          "zoneId": "300078",
          "name": "Merricliff"
        },
        {
          "zoneId": "300079",
          "name": "Silverley"
        },
        {
          "zoneId": "300080",
          "name": "Westvale"
        },
        {
          "zoneId": "300081",
          "name": "Bluewall"
        },
        {
          "zoneId": "300082",
          "name": "Fogcoast"
        },
        {
          "zoneId": "300083",
          "name": "Greyby"
        },
        {
          "zoneId": "300084",
          "name": "Lordell"
        },
        {
          "zoneId": "300085",
          "name": "Merridell"
        },
        {
          "zoneId": "300086",
          "name": "Silvermage"
        },
        {
          "zoneId": "300087",
          "name": "Westwell"
        },
        {
          "zoneId": "300088",
          "name": "Bluewick"
        },
        {
          "zoneId": "300089",
          "name": "Esterville"
        },
        {
          "zoneId": "300090",
          "name": "Fogedge"
        },
        {
          "zoneId": "300091",
          "name": "Greydale"
        },
        {
          "zoneId": "300092",
          "name": "Lorfield"
        },
        {
          "zoneId": "300093",
          "name": "Merriton"
        },
        {
          "zoneId": "300094",
          "name": "Westwilde"
        },
        {
          "zoneId": "300095",
          "name": "Esterwater"
        },
        {
          "zoneId": "300096",
          "name": "Fogfield"
        },
        {
          "zoneId": "300097",
          "name": "Greyfay"
        },
        {
          "zoneId": "300098",
          "name": "Lorfort"
        },
        {
          "zoneId": "300099",
          "name": "Wheatbush"
        },
        {
          "zoneId": "300100",
          "name": "Crystalden"
        },
        {
          "zoneId": "300101",
          "name": "Esterwick"
        },
        {
          "zoneId": "300102",
          "name": "Fogland"
        },
        {
          "zoneId": "200000",
          "name": "Perfect"
        },
        {
          "zoneId": "200001",
          "name": "Impercourt"
        },
        {
          "zoneId": "200002",
          "name": "Ashton"
        },
        {
          "zoneId": "200003",
          "name": "Dorden"
        },
        {
          "zoneId": "200004",
          "name": "Faydeer"
        },
        {
          "zoneId": "200005",
          "name": "Linkeep"
        },
        {
          "zoneId": "200006",
          "name": "Osthill"
        },
        {
          "zoneId": "200007",
          "name": "Ashness"
        },
        {
          "zoneId": "200008",
          "name": "Bellshore"
        },
        {
          "zoneId": "200009",
          "name": "Coldgate"
        },
        {
          "zoneId": "200010",
          "name": "Dorhall"
        },
        {
          "zoneId": "200011",
          "name": "Linlea"
        },
        {
          "zoneId": "200012",
          "name": "Mallowway"
        },
        {
          "zoneId": "200013",
          "name": "Osthurst"
        },
        {
          "zoneId": "200014",
          "name": "Redness"
        },
        {
          "zoneId": "200015",
          "name": "Ashmill"
        },
        {
          "zoneId": "200016",
          "name": "Ericliff"
        },
        {
          "zoneId": "200017",
          "name": "Northfield"
        },
        {
          "zoneId": "200018",
          "name": "Ostley"
        },
        {
          "zoneId": "200019",
          "name": "Redrose"
        },
        {
          "zoneId": "200020",
          "name": "Ashwick"
        },
        {
          "zoneId": "200021",
          "name": "Belmead"
        },
        {
          "zoneId": "200022",
          "name": "Coldlea"
        },
        {
          "zoneId": "200023",
          "name": "Dorhill"
        },
        {
          "zoneId": "200024",
          "name": "Erigate"
        },
        {
          "zoneId": "200025",
          "name": "Faygate"
        },
        {
          "zoneId": "200026",
          "name": "Linport"
        },
        {
          "zoneId": "200027",
          "name": "Mapleley"
        },
        {
          "zoneId": "200028",
          "name": "Ostmeadow"
        },
        {
          "zoneId": "200029",
          "name": "Westerby"
        },
        {
          "zoneId": "200030",
          "name": "Coldloch"
        },
        {
          "zoneId": "200031",
          "name": "Erihall"
        },
        {
          "zoneId": "200032",
          "name": "Faylake"
        },
        {
          "zoneId": "200033",
          "name": "Northmoor"
        },
        {
          "zoneId": "200034",
          "name": "Ostport"
        },
        {
          "zoneId": "200035",
          "name": "Redwolf"
        },
        {
          "zoneId": "200036",
          "name": "Violetmont"
        },
        {
          "zoneId": "200037",
          "name": "Belwall"
        },
        {
          "zoneId": "200038",
          "name": "Coldmount"
        },
        {
          "zoneId": "200039",
          "name": "Dorport"
        },
        {
          "zoneId": "200040",
          "name": "Erilea"
        },
        {
          "zoneId": "200041",
          "name": "Fayland"
        },
        {
          "zoneId": "200042",
          "name": "Grasspond"
        },
        {
          "zoneId": "200043",
          "name": "Northpond"
        },
        {
          "zoneId": "200044",
          "name": "Ostwynne"
        },
        {
          "zoneId": "200045",
          "name": "Belwick"
        },
        {
          "zoneId": "200046",
          "name": "Erimarsh"
        },
        {
          "zoneId": "200047",
          "name": "Fayness"
        },
        {
          "zoneId": "200048",
          "name": "Grassshore"
        },
        {
          "zoneId": "200049",
          "name": "Lochbank"
        },
        {
          "zoneId": "200050",
          "name": "Northriver"
        },
        {
          "zoneId": "200051",
          "name": "Violetsage"
        },
        {
          "zoneId": "200052",
          "name": "Westerfox"
        },
        {
          "zoneId": "200053",
          "name": "Blackfield"
        },
        {
          "zoneId": "200054",
          "name": "Dorwall"
        },
        {
          "zoneId": "200055",
          "name": "Faypine"
        },
        {
          "zoneId": "200056",
          "name": "Grasstown"
        },
        {
          "zoneId": "200057",
          "name": "Lochbell"
        },
        {
          "zoneId": "200058",
          "name": "Northwood"
        },
        {
          "zoneId": "200059",
          "name": "Rosecliff"
        },
        {
          "zoneId": "200060",
          "name": "Shadowston"
        },
        {
          "zoneId": "200061",
          "name": "Gala"
        },
        {
          "zoneId": "200062",
          "name": "Alethea"
        },
        {
          "zoneId": "200063",
          "name": "Omega"
        },
        {
          "zoneId": "200064",
          "name": "Gustava"
        },
        {
          "zoneId": "200065",
          "name": "Agnete"
        },
        {
          "zoneId": "200066",
          "name": "Katana"
        },
        {
          "zoneId": "200067",
          "name": "Avishai"
        },
        {
          "zoneId": "200068",
          "name": "Aulis"
        },
        {
          "zoneId": "200069",
          "name": "Nordica"
        },
        {
          "zoneId": "200070",
          "name": "Paradise"
        },
        {
          "zoneId": "200071",
          "name": "Legna"
        },
        {
          "zoneId": "200072",
          "name": "Bramwell"
        },
        {
          "zoneId": "200073",
          "name": "Caliban"
        },
        {
          "zoneId": "200074",
          "name": "Waylon"
        },
        {
          "zoneId": "200075",
          "name": "Rowan"
        },
        {
          "zoneId": "200076",
          "name": "Vincent"
        },
        {
          "zoneId": "200077",
          "name": "Nathaniel"
        },
        {
          "zoneId": "200078",
          "name": "George"
        },
        {
          "zoneId": "200079",
          "name": "Miko"
        },
        {
          "zoneId": "200080",
          "name": "Gavin"
        },
        {
          "zoneId": "200081",
          "name": "Calvin"
        },
        {
          "zoneId": "200082",
          "name": "Hayden"
        },
        {
          "zoneId": "200083",
          "name": "Graham"
        },
        {
          "zoneId": "200084",
          "name": "Zayden"
        },
        {
          "zoneId": "200085",
          "name": "Barrett"
        },
        {
          "zoneId": "200086",
          "name": "Tucker"
        },
        {
          "zoneId": "200087",
          "name": "Timothy"
        },
        {
          "zoneId": "200088",
          "name": "Edward"
        },
        {
          "zoneId": "200089",
          "name": "Victor"
        },
        {
          "zoneId": "200090",
          "name": "Charlie"
        },
        {
          "zoneId": "200091",
          "name": "Peter"
        },
        {
          "zoneId": "200092",
          "name": "Oscar"
        },
        {
          "zoneId": "200093",
          "name": "Matias"
        },
        {
          "zoneId": "200094",
          "name": "Lukas"
        },
        {
          "zoneId": "200095",
          "name": "Remington"
        },
        {
          "zoneId": "200096",
          "name": "Brantley"
        },
        {
          "zoneId": "200097",
          "name": "Bryce"
        },
        {
          "zoneId": "200098",
          "name": "Mark"
        },
        {
          "zoneId": "200099",
          "name": "Paxton"
        },
        {
          "zoneId": "200100",
          "name": "Ronan"
        },
        {
          "zoneId": "200101",
          "name": "Walter"
        },
        {
          "zoneId": "200102",
          "name": "Chance"
        },
        {
          "zoneId": "200103",
          "name": "Malcolm"
        },
        {
          "zoneId": "200104",
          "name": "Francisco"
        },
        {
          "zoneId": "200105",
          "name": "Derek"
        },
        {
          "zoneId": "200106",
          "name": "Narthex"
        },
        {
          "zoneId": "200107",
          "name": "Achelous"
        },
        {
          "zoneId": "200108",
          "name": "Ares"
        },
        {
          "zoneId": "200109",
          "name": "Chryseis"
        },
        {
          "zoneId": "200110",
          "name": "Eteocles"
        },
        {
          "zoneId": "200111",
          "name": "Hyperion"
        },
        {
          "zoneId": "200112",
          "name": "Moon"
        },
        {
          "zoneId": "200113",
          "name": "Phoebe"
        },
        {
          "zoneId": "200114",
          "name": "Stentor"
        },
        {
          "zoneId": "200115",
          "name": "Chaos"
        },
        {
          "zoneId": "200116",
          "name": "Achilles"
        },
        {
          "zoneId": "200117",
          "name": "Aries"
        },
        {
          "zoneId": "200118",
          "name": "Clymene"
        },
        {
          "zoneId": "200119",
          "name": "Europe"
        },
        {
          "zoneId": "200120",
          "name": "Iapetus"
        },
        {
          "zoneId": "200121",
          "name": "Neleus"
        },
        {
          "zoneId": "200122",
          "name": "Pisces"
        },
        {
          "zoneId": "200123",
          "name": "Sun"
        },
        {
          "zoneId": "200124",
          "name": "Triteia"
        },
        {
          "zoneId": "200125",
          "name": "Admetus"
        },
        {
          "zoneId": "200126",
          "name": "Artemis"
        },
        {
          "zoneId": "200127",
          "name": "Eurynome"
        },
        {
          "zoneId": "200128",
          "name": "Icarus"
        },
        {
          "zoneId": "200129",
          "name": "Nemesis"
        },
        {
          "zoneId": "200130",
          "name": "Polynices"
        },
        {
          "zoneId": "200131",
          "name": "Syrinx"
        },
        {
          "zoneId": "200132",
          "name": "Persephone"
        },
        {
          "zoneId": "200133",
          "name": "Adrastus"
        },
        {
          "zoneId": "200134",
          "name": "Atalanta"
        },
        {
          "zoneId": "200135",
          "name": "Coeus"
        },
        {
          "zoneId": "200136",
          "name": "Eurystheus"
        },
        {
          "zoneId": "200137",
          "name": "Io"
        },
        {
          "zoneId": "200138",
          "name": "Neptune"
        },
        {
          "zoneId": "200139",
          "name": "Poseidon"
        },
        {
          "zoneId": "200140",
          "name": "Talos"
        },
        {
          "zoneId": "200141",
          "name": "Agaue"
        },
        {
          "zoneId": "200142",
          "name": "Aeetes"
        },
        {
          "zoneId": "200143",
          "name": "Atreus"
        },
        {
          "zoneId": "200144",
          "name": "Gaea"
        },
        {
          "zoneId": "200145",
          "name": "Ixion"
        },
        {
          "zoneId": "200146",
          "name": "Nesfor"
        },
        {
          "zoneId": "200147",
          "name": "Priams"
        },
        {
          "zoneId": "200148",
          "name": "Tantalus"
        },
        {
          "zoneId": "200149",
          "name": "Vulcanus"
        },
        {
          "zoneId": "200150",
          "name": "Aeneas"
        },
        {
          "zoneId": "200151",
          "name": "Auriga"
        },
        {
          "zoneId": "200152",
          "name": "Crius"
        },
        {
          "zoneId": "200153",
          "name": "Jasion"
        },
        {
          "zoneId": "200154",
          "name": "Nessus"
        },
        {
          "zoneId": "200155",
          "name": "Pyrrla"
        },
        {
          "zoneId": "200156",
          "name": "Telemachus"
        },
        {
          "zoneId": "200157",
          "name": "Aeolus"
        },
        {
          "zoneId": "200158",
          "name": "Bio"
        },
        {
          "zoneId": "200159",
          "name": "Crotos"
        },
        {
          "zoneId": "200160",
          "name": "Hebe"
        },
        {
          "zoneId": "200161",
          "name": "Jason"
        },
        {
          "zoneId": "200162",
          "name": "Nireus"
        },
        {
          "zoneId": "200163",
          "name": "Pyxis"
        },
        {
          "zoneId": "200164",
          "name": "Teucer"
        },
        {
          "zoneId": "200165",
          "name": "Iapetos"
        },
        {
          "zoneId": "200166",
          "name": "Agamemnon"
        },
        {
          "zoneId": "200167",
          "name": "Cadmus"
        },
        {
          "zoneId": "200168",
          "name": "Cygnus"
        },
        {
          "zoneId": "200169",
          "name": "Hector"
        },
        {
          "zoneId": "200170",
          "name": "Norma"
        },
        {
          "zoneId": "200171",
          "name": "Rhea"
        },
        {
          "zoneId": "200172",
          "name": "Thaumas"
        },
        {
          "zoneId": "200173",
          "name": "Ajax"
        },
        {
          "zoneId": "200174",
          "name": "Caelum"
        },
        {
          "zoneId": "200175",
          "name": "Daedalus"
        },
        {
          "zoneId": "200176",
          "name": "Helen"
        },
        {
          "zoneId": "200177",
          "name": "Ladon"
        },
        {
          "zoneId": "200178",
          "name": "Octans"
        }
      ]
    },
    {
      "id": 8881,
      "name": "Ragnarok X: Next Generation (Work Fast)",
      "slug": "ragnarok-x-next-generation-vc",
      "vocaSlug": "ragnarok-x-next-generation",
      "code": "RAGNAROK_X",
      "provider": "vocagame",
      "isZone": true,
      "dropdown": [
        {
          "zoneId": "2010",
          "name": "Opera Phantom"
        },
        {
          "zoneId": "2011",
          "name": "Wing of Blessing"
        },
        {
          "zoneId": "2012",
          "name": "Royal Instrument"
        },
        {
          "zoneId": "2013",
          "name": "Valhalla"
        },
        {
          "zoneId": "2014",
          "name": "Gungnir"
        },
        {
          "zoneId": "2015",
          "name": "Central Plains"
        },
        {
          "zoneId": "2016",
          "name": "Dark Lord"
        },
        {
          "zoneId": "2017",
          "name": "Clock Tower"
        },
        {
          "zoneId": "2018",
          "name": "Comodo"
        },
        {
          "zoneId": "2019",
          "name": "Rainbow Paradise"
        },
        {
          "zoneId": "2020",
          "name": "Temple of Dawn"
        },
        {
          "zoneId": "2021",
          "name": "Golden Lava"
        },
        {
          "zoneId": "2022",
          "name": "Highland"
        },
        {
          "zoneId": "2023",
          "name": "Demon's Castle"
        },
        {
          "zoneId": "2024",
          "name": "Sealed Island"
        },
        {
          "zoneId": "2025",
          "name": "Sipera"
        },
        {
          "zoneId": "2030",
          "name": "Silent Ship"
        },
        {
          "zoneId": "2031",
          "name": "Golden Route"
        },
        {
          "zoneId": "2032",
          "name": "Sapir"
        },
        {
          "zoneId": "2033",
          "name": "Rose Red"
        },
        {
          "zoneId": "2034",
          "name": "Kingdom of Freedom"
        },
        {
          "zoneId": "2035",
          "name": "Nicola"
        },
        {
          "zoneId": "2040",
          "name": "Crystal Waterfall"
        },
        {
          "zoneId": "2041",
          "name": "Bifrost"
        },
        {
          "zoneId": "2042",
          "name": "Nastia"
        },
        {
          "zoneId": "2043",
          "name": "Strouf Treasury"
        },
        {
          "zoneId": "2044",
          "name": "Green Tranquil Pond"
        },
        {
          "zoneId": "2045",
          "name": "Ingael"
        },
        {
          "zoneId": "2050",
          "name": "Tome of Glory"
        },
        {
          "zoneId": "2051",
          "name": "Incense Pavilion"
        },
        {
          "zoneId": "2052",
          "name": "Carew"
        },
        {
          "zoneId": "2053",
          "name": "Boulders and Horns"
        },
        {
          "zoneId": "2054",
          "name": "Exquisite Pond"
        },
        {
          "zoneId": "2055",
          "name": "Nemesis"
        },
        {
          "zoneId": "2056",
          "name": "Aldebaran"
        },
        {
          "zoneId": "2057",
          "name": "Honor of Emperium"
        },
        {
          "zoneId": "2058",
          "name": "Frenetic Land"
        },
        {
          "zoneId": "2060",
          "name": "Bright Lotus Pond"
        },
        {
          "zoneId": "2061",
          "name": "Seocho Market"
        },
        {
          "zoneId": "2062",
          "name": "Eudora"
        },
        {
          "zoneId": "2063",
          "name": "Moonlit Temple"
        },
        {
          "zoneId": "2064",
          "name": "Hvalueden Wood Ruins"
        },
        {
          "zoneId": "2065",
          "name": "Dungeon Throne"
        },
        {
          "zoneId": "2066",
          "name": "Dimension Door"
        },
        {
          "zoneId": "2067",
          "name": "Gunslinger's Revenge"
        },
        {
          "zoneId": "2070",
          "name": "Ayothaya"
        },
        {
          "zoneId": "2071",
          "name": "Luzon"
        },
        {
          "zoneId": "2072",
          "name": "Majapahit"
        },
        {
          "zoneId": "2073",
          "name": "Garden City"
        },
        {
          "zoneId": "2074",
          "name": "Manila"
        },
        {
          "zoneId": "2075",
          "name": "Sukhothai"
        },
        {
          "zoneId": "2076",
          "name": "Attack On Poring"
        },
        {
          "zoneId": "2077",
          "name": "Light of Umbala"
        },
        {
          "zoneId": "2080",
          "name": "Tossakan"
        },
        {
          "zoneId": "2081",
          "name": "Badang"
        },
        {
          "zoneId": "2082",
          "name": "Lapulapu"
        },
        {
          "zoneId": "2083",
          "name": "Gatotkaca"
        },
        {
          "zoneId": "2084",
          "name": "Srikandi"
        },
        {
          "zoneId": "2085",
          "name": "Kumpakan"
        },
        {
          "zoneId": "2086",
          "name": "Original Love"
        },
        {
          "zoneId": "2090",
          "name": "Angeling"
        },
        {
          "zoneId": "2091",
          "name": "Deviling"
        },
        {
          "zoneId": "2092",
          "name": "Ghostring"
        },
        {
          "zoneId": "2093",
          "name": "Mastering"
        },
        {
          "zoneId": "2100",
          "name": "Song Tử"
        },
        {
          "zoneId": "2101",
          "name": "Xử Nữ"
        },
        {
          "zoneId": "2110",
          "name": "Half Anniversary"
        },
        {
          "zoneId": "2131",
          "name": "Hero Association"
        },
        {
          "zoneId": "2132",
          "name": "Monster Association"
        }
      ]
    },
    {
      "id": 8881,
      "name": "Revelation Mobile (Work Fast)",
      "slug": "revelation-mobile-vc",
      "vocaSlug": "revelation-mobile",
      "code": "VNG_REVEALATION",
      "provider": "vocagame",
      "isZone": false,
      "dropdown": []
    },
    {
      "id": 8881,
      "name": "Sausage Man (Work Fast)",
      "slug": "sausage-man-vc",
      "vocaSlug": "sausage-man",
      "code": "SAUSAGE_MAN",
      "provider": "vocagame",
      "isZone": false,
      "dropdown": []
    },
    {
      "id": 8881,
      "name": "Super SUS (Work Fast)",
      "slug": "super-sus-vc",
      "vocaSlug": "super-sus",
      "code": "SUPER_SUS",
      "provider": "vocagame",
      "isZone": false,
      "dropdown": []
    }
  ]
}